REGION,TECHNOLOGY,EMISSION,MODE_OF_OPERATION,YEAR,VALUE
Globe,ALUPLANT,CO2EQ,1,2010,0.003472969916308527
Globe,ALUPLANT,CO2EQ,1,2011,0.003582858412561609
Globe,ALUPLANT,CO2EQ,1,2012,0.003691038712867318
Globe,ALUPLANT,CO2EQ,1,2013,0.003797589988639527
Globe,ALUPLANT,CO2EQ,1,2014,0.003902508466843314
Globe,ALUPLANT,CO2EQ,1,2015,0.004005868368804207
Globe,ALUPLANT,CO2EQ,1,2016,0.0041076920085049
Globe,ALUPLANT,CO2EQ,1,2017,0.004207991558032094
Globe,ALUPLANT,CO2EQ,1,2018,0.004306832165896655
Globe,ALUPLANT,CO2EQ,1,2019,0.0044042173563850024
Globe,ALUPLANT,CO2EQ,1,2020,0.004500207726589843
Globe,ALUPLANT,CO2EQ,1,2021,0.004594822888283378
Globe,ALUPLANT,CO2EQ,1,2022,0.004688065424852011
Globe,ALUPLANT,CO2EQ,1,2023,0.0047800063252925445
Globe,ALUPLANT,CO2EQ,1,2024,0.004870638112173317
Globe,ALUPLANT,CO2EQ,1,2025,0.004960023651768212
Globe,ALUPLANT,CO2EQ,1,2026,0.005048166023166023
Globe,ALUPLANT,CO2EQ,1,2027,0.0051350775867233835
Globe,ALUPLANT,CO2EQ,1,2028,0.005220816854364926
Globe,ALUPLANT,CO2EQ,1,2029,0.005305374014041778
Globe,ALUPLANT,CO2EQ,1,2030,0.005388807144142945
Globe,ALUPLANT,CO2EQ,1,2031,0.005471125545164073
Globe,ALUPLANT,CO2EQ,1,2032,0.0055523230895759244
Globe,ALUPLANT,CO2EQ,1,2033,0.0056324712037466775
Globe,ALUPLANT,CO2EQ,1,2034,0.00571154109954427
Globe,ALUPLANT,CO2EQ,1,2035,0.005789603649303452
Globe,ALUPLANT,CO2EQ,1,2036,0.005866650494200478
Globe,ALUPLANT,CO2EQ,1,2037,0.005942685784110399
Globe,ALUPLANT,CO2EQ,1,2038,0.006017766111096672
Globe,ALUPLANT,CO2EQ,1,2039,0.006091872219229831
Globe,ALUPLANT,CO2EQ,1,2040,0.006165060377884169
Globe,ALUPLANT,CO2EQ,1,2041,0.0062373325173220254
Globe,ALUPLANT,CO2EQ,1,2042,0.006308676433854274
Globe,ALUPLANT,CO2EQ,1,2043,0.006379161015272255
Globe,ALUPLANT,CO2EQ,1,2044,0.006448750357551487
Globe,ALUPLANT,CO2EQ,1,2045,0.006517512899603417
Globe,ALUPLANT,CO2EQ,1,2046,0.006585434856319403
Globe,ALUPLANT,CO2EQ,1,2047,0.006652514454824067
Globe,ALUPLANT,CO2EQ,1,2048,0.006718806812828661
Globe,ALUPLANT,CO2EQ,1,2049,0.006784285922400816
Globe,ALUPLANT,CO2EQ,1,2050,0.006849006640783929
Globe,ALUPLANT,CO2EQ,1,2051,0.006849006640783929
Globe,ALUPLANT,CO2EQ,1,2052,0.006849006640783929
Globe,ALUPLANT,CO2EQ,1,2053,0.006849006640783929
Globe,ALUPLANT,CO2EQ,1,2054,0.006849006640783929
Globe,ALUPLANT,CO2EQ,1,2055,0.006849006640783929
Globe,ALUPLANT,CO2EQ,1,2056,0.006849006640783929
Globe,ALUPLANT,CO2EQ,1,2057,0.006849006640783929
Globe,ALUPLANT,CO2EQ,1,2058,0.006849006640783929
Globe,ALUPLANT,CO2EQ,1,2059,0.006849006640783929
Globe,ALUPLANT,CO2EQ,1,2060,0.006849006640783929
Globe,ALUPLANT,WATER,1,2010,0.03087084370052024
Globe,ALUPLANT,WATER,1,2011,0.03224572571305448
Globe,ALUPLANT,WATER,1,2012,0.03321934841580586
Globe,ALUPLANT,WATER,1,2013,0.03460026434093792
Globe,ALUPLANT,WATER,1,2014,0.03555618825346132
Globe,ALUPLANT,WATER,1,2015,0.03694300829008324
Globe,ALUPLANT,WATER,1,2016,0.03833845874604573
Globe,ALUPLANT,WATER,1,2017,0.03927458787496622
Globe,ALUPLANT,WATER,1,2018,0.040675637122357305
Globe,ALUPLANT,WATER,1,2019,0.04159538614363614
Globe,ALUPLANT,WATER,1,2020,0.04300198494296961
Globe,ALUPLANT,WATER,1,2021,0.044416621253405994
Globe,ALUPLANT,WATER,1,2022,0.045317965773569446
Globe,ALUPLANT,WATER,1,2023,0.046737839625082656
Globe,ALUPLANT,WATER,1,2024,0.04762401709680577
Globe,ALUPLANT,WATER,1,2025,0.04904912277859677
Globe,ALUPLANT,WATER,1,2026,0.05048166023166022
Globe,ALUPLANT,WATER,1,2027,0.05135077586723383
Globe,ALUPLANT,WATER,1,2028,0.052788259305245375
Globe,ALUPLANT,WATER,1,2029,0.05364322614197799
Globe,ALUPLANT,WATER,1,2030,0.05508558414012788
Globe,ALUPLANT,WATER,1,2031,0.056534963966695426
Globe,ALUPLANT,WATER,1,2032,0.05737400525895121
Globe,ALUPLANT,WATER,1,2033,0.05882803257246531
Globe,ALUPLANT,WATER,1,2034,0.05965387370635127
Globe,ALUPLANT,WATER,1,2035,0.06111248296486977
Globe,ALUPLANT,WATER,1,2036,0.06257760527147176
Globe,ALUPLANT,WATER,1,2037,0.06338864836384425
Globe,ALUPLANT,WATER,1,2038,0.0648581458640419
Globe,ALUPLANT,WATER,1,2039,0.06565684502947708
Globe,ALUPLANT,WATER,1,2040,0.06713065744807208
Globe,ALUPLANT,WATER,1,2041,0.06861065769054228
Globe,ALUPLANT,WATER,1,2042,0.06939544077239701
Globe,ALUPLANT,WATER,1,2043,0.0708795668363584
Globe,ALUPLANT,WATER,1,2044,0.07165278175057209
Globe,ALUPLANT,WATER,1,2045,0.07314097809554945
Globe,ALUPLANT,WATER,1,2046,0.0746349283716199
Globe,ALUPLANT,WATER,1,2047,0.07539516382133943
Globe,ALUPLANT,WATER,1,2048,0.07689301130237246
Globe,ALUPLANT,WATER,1,2049,0.07764238333414267
Globe,ALUPLANT,WATER,1,2050,0.07914407673794761
Globe,ALUPLANT,WATER,1,2051,0.07914407673794761
Globe,ALUPLANT,WATER,1,2052,0.07914407673794761
Globe,ALUPLANT,WATER,1,2053,0.07914407673794761
Globe,ALUPLANT,WATER,1,2054,0.07914407673794761
Globe,ALUPLANT,WATER,1,2055,0.07914407673794761
Globe,ALUPLANT,WATER,1,2056,0.07914407673794761
Globe,ALUPLANT,WATER,1,2057,0.07914407673794761
Globe,ALUPLANT,WATER,1,2058,0.07914407673794761
Globe,ALUPLANT,WATER,1,2059,0.07914407673794761
Globe,ALUPLANT,WATER,1,2060,0.07914407673794761
Globe,C1BMCHP00,WATER,1,2010,0.0011393452224
Globe,C1BMCHP00,WATER,1,2011,0.00110827217088
Globe,C1BMCHP00,WATER,1,2012,0.00107374655808
Globe,C1BMCHP00,WATER,1,2013,0.00103922094528
Globe,C1BMCHP00,WATER,1,2014,0.00100469533248
Globe,C1BMCHP00,WATER,1,2015,0.0009736222809599999
Globe,C1BMCHP00,WATER,1,2016,0.00093909666816
Globe,C1BMCHP00,WATER,1,2017,0.0009045710553600001
Globe,C1BMCHP00,WATER,1,2018,0.0019176706012670657
Globe,C1BMCHP00,WATER,1,2019,0.003216995843483391
Globe,C1BMCHP00,WATER,1,2020,0.005159832030356838
Globe,C1BMCHP00,WATER,1,2021,0.007196843185556811
Globe,C1BMCHP00,WATER,1,2022,0.00923730690203683
Globe,C1BMCHP00,WATER,1,2023,0.010574770188443817
Globe,C1BMCHP00,WATER,1,2024,0.010540244575643816
Globe,C1BMCHP00,WATER,1,2025,0.010509171524123818
Globe,C1BMCHP00,WATER,1,2026,0.011153684639610837
Globe,C1BMCHP00,WATER,1,2027,0.011119159026810837
Globe,C1BMCHP00,WATER,1,2028,0.011084633414010836
Globe,C1BMCHP00,WATER,1,2029,0.01105356036249084
Globe,C1BMCHP00,WATER,1,2030,0.01101903474969084
Globe,C1BMCHP00,WATER,1,2031,0.010984509136890835
Globe,C1BMCHP00,WATER,1,2032,0.010953436085370838
Globe,C1BMCHP00,WATER,1,2033,0.01224874660229403
Globe,C1BMCHP00,WATER,1,2034,0.012616641319125725
Globe,C1BMCHP00,WATER,1,2035,0.012582115706325715
Globe,C1BMCHP00,WATER,1,2036,0.012551042654805696
Globe,C1BMCHP00,WATER,1,2037,0.012516517042005727
Globe,C1BMCHP00,WATER,1,2038,0.012481991429205731
Globe,C1BMCHP00,WATER,1,2039,0.012450918377685728
Globe,C1BMCHP00,WATER,1,2040,0.012416392764885724
Globe,C1BMCHP00,WATER,1,2041,0.012381867152085722
Globe,C1BMCHP00,WATER,1,2042,0.012347341539285734
Globe,C1BMCHP00,WATER,1,2043,0.012316268487765724
Globe,C1BMCHP00,WATER,1,2044,0.012281742874965725
Globe,C1BMCHP00,WATER,1,2045,0.012281742874965723
Globe,C1BMCHP00,WATER,1,2046,0.012281742874965682
Globe,C1BMCHP00,WATER,1,2047,0.012281742874965699
Globe,C1BMCHP00,WATER,1,2048,0.012281742874965723
Globe,C1BMCHP00,WATER,1,2049,0.012358002278085638
Globe,C1BMCHP00,WATER,1,2050,0.012358002278085634
Globe,C1BMCHP00,WATER,1,2051,0.01237913250397649
Globe,C1BMCHP00,WATER,1,2052,0.012506778208974953
Globe,C1BMCHP00,WATER,1,2053,0.012640806200294013
Globe,C1BMCHP00,WATER,1,2054,0.012884456866775399
Globe,C1BMCHP00,WATER,1,2055,0.012978631835101954
Globe,C1BMCHP00,WATER,1,2056,0.01297863183510195
Globe,C1BMCHP00,WATER,1,2057,0.01297863183510196
Globe,C1BMCHP00,WATER,1,2058,0.012978631835101987
Globe,C1BMCHP00,WATER,1,2059,0.012978631835101987
Globe,C1BMCHP00,WATER,1,2060,0.012978631835101957
Globe,C1BMHTF03,WATER,1,2010,0.010693624233600001
Globe,C1BMHTF03,WATER,1,2011,0.010158300633600001
Globe,C1BMHTF03,WATER,1,2012,0.0096229770336
Globe,C1BMHTF03,WATER,1,2013,0.009091936022399999
Globe,C1BMHTF03,WATER,1,2014,0.008556612422399999
Globe,C1BMHTF03,WATER,1,2015,0.0080212888224
Globe,C1BMHTF03,WATER,1,2016,0.007485965222399999
Globe,C1BMHTF03,WATER,1,2017,0.0069506416224
Globe,C1BMHTF03,WATER,1,2018,0.006415318022399999
Globe,C1BMHTF03,WATER,1,2019,0.005879994422400001
Globe,C1BMHTF03,WATER,1,2020,0.005348953411199998
Globe,C1BMHTF03,WATER,1,2021,0.004813629811199999
Globe,C1BMHTF03,WATER,1,2022,0.0042783062112
Globe,C1BMHTF03,WATER,1,2023,0.0037429826111999996
Globe,C1BMHTF03,WATER,1,2024,0.0032076590111999996
Globe,C1BMHTF03,WATER,1,2025,0.0026723354112
Globe,C1BMHTF03,WATER,1,2026,0.0022957153837369505
Globe,C1BMHTF03,WATER,1,2027,0.0021412944
Globe,C1BMHTF03,WATER,1,2028,0.0021412943999999995
Globe,C1BMHTF03,WATER,1,2029,0.0021412943999999995
Globe,C1BMHTF03,WATER,1,2030,0.002141294399999999
Globe,C1BMHTF03,WATER,1,2031,0.0021412943999999916
Globe,C1BMHTF03,WATER,1,2032,0.002141294399999992
Globe,C1BMHTF03,WATER,1,2033,0.0021412943999999916
Globe,C1BMHTF03,WATER,1,2034,0.002023412831999999
Globe,C1BMHTF03,WATER,1,2035,0.002126651335105255
Globe,C1BMHTF03,WATER,1,2036,0.0015295064056377726
Globe,C1BMHTF03,WATER,1,2037,0.0014629483757113405
Globe,C1BMHTF03,WATER,1,2038,0.0014162535865676884
Globe,C1BMHTF03,WATER,1,2039,0.0013579058237184135
Globe,C1BMHTF03,WATER,1,2040,0.0013308693072920047
Globe,C1BMHTF03,WATER,1,2041,0.0014095110648420497
Globe,C1BMHTF03,WATER,1,2042,0.0014994925074415825
Globe,C1BMHTF03,WATER,1,2043,0.0015904660497846257
Globe,C1BMHTF03,WATER,1,2044,0.0017044333635835391
Globe,C1BMHTF03,WATER,1,2045,0.0021412943999999973
Globe,C1BMHTF03,WATER,1,2046,0.001762570383112411
Globe,C1BMHTF03,WATER,1,2047,0.001812580445953285
Globe,C1BMHTF03,WATER,1,2048,0.0018887436341467367
Globe,C1BMHTF03,WATER,1,2049,0.0017381663026666198
Globe,C1BMHTF03,WATER,1,2050,0.0021412943999999977
Globe,C1BMHTF03,WATER,1,2051,0.002141294400000025
Globe,C1BMHTF03,WATER,1,2052,0.002141294399999991
Globe,C1BMHTF03,WATER,1,2053,0.0021412944
Globe,C1BMHTF03,WATER,1,2054,0.0018285336272156844
Globe,C1BMHTF03,WATER,1,2055,0.00199138750049807
Globe,C1BMHTF03,WATER,1,2056,0.0021412943999999873
Globe,C1BMHTF03,WATER,1,2057,0.0021412943999999873
Globe,C1BMHTF03,WATER,1,2058,0.0021412944
Globe,C1BMHTF03,WATER,1,2059,0.0021412943999999123
Globe,C1BMHTF03,WATER,1,2060,0.0021412944
Globe,C1BMLP000,CO2EQ,1,2010,0.0006472425191489361
Globe,C1BMLP000,CO2EQ,1,2011,0.0006687437632340426
Globe,C1BMLP000,CO2EQ,1,2012,0.0006899604099574468
Globe,C1BMLP000,CO2EQ,1,2013,0.0006396767320851063
Globe,C1BMLP000,CO2EQ,1,2014,0.0005922118958297872
Globe,C1BMLP000,CO2EQ,1,2015,0.0005475165440425533
Globe,C1BMLP000,CO2EQ,1,2016,0.0005015719657021277
Globe,C1BMLP000,CO2EQ,1,2017,0.0006022095503183669
Globe,C1BMLP000,CO2EQ,1,2018,0.000603560409957447
Globe,C1BMLP000,CO2EQ,1,2019,0.0005400244317669958
Globe,C1BMLP000,CO2EQ,1,2020,0.00035103901148936137
Globe,C1BMLP000,CO2EQ,1,2021,0.00014498014088553223
Globe,C1BMLP000,WATER,1,2010,0.028478670842553188
Globe,C1BMLP000,WATER,1,2011,0.02942472558229787
Globe,C1BMLP000,WATER,1,2012,0.03035825803812766
Globe,C1BMLP000,WATER,1,2013,0.02814577621174468
Globe,C1BMLP000,WATER,1,2014,0.02605732341651064
Globe,C1BMLP000,WATER,1,2015,0.02409072793787234
Globe,C1BMLP000,WATER,1,2016,0.022069166490893615
Globe,C1BMLP000,WATER,1,2017,0.02649722021400814
Globe,C1BMLP000,WATER,1,2018,0.026556658038127665
Globe,C1BMLP000,WATER,1,2019,0.023761074997747815
Globe,C1BMLP000,WATER,1,2020,0.0154457165055319
Globe,C1BMLP000,WATER,1,2021,0.006379126198963418
Globe,C1BMSCP00,WATER,1,2010,0.0016562793703248002
Globe,C1BMSCP00,WATER,1,2011,0.0015879151186416
Globe,C1BMSCP00,WATER,1,2012,0.001522658332944
Globe,C1BMSCP00,WATER,1,2013,0.0014574015472464
Globe,C1BMSCP00,WATER,1,2014,0.0013890372955632
Globe,C1BMSCP00,WATER,1,2015,0.0013237805098656
Globe,C1BMSCP00,WATER,1,2016,0.007603313923226911
Globe,C1BMSCP00,WATER,1,2017,0.01327156246296
Globe,C1BMSCP00,WATER,1,2018,0.012543878881439999
Globe,C1BMSCP00,WATER,1,2019,0.011816195299919997
Globe,C1BMSCP00,WATER,1,2020,0.0110885117184
Globe,C1BMSCP00,WATER,1,2021,0.01032617653776
Globe,C1BMSCP00,WATER,1,2022,0.006735485795664756
Globe,C1BMSCP00,WATER,1,2023,0.004062805437434036
Globe,C1BMSCP00,WATER,1,2024,0.006216905782485123
Globe,C1BMSCP00,WATER,1,2025,0.00738079061256
Globe,C1BMSCP00,WATER,1,2026,0.0005966334692352001
Globe,C1BMSCP00,WATER,1,2027,0.000528269217552
Globe,C1BMSCP00,WATER,1,2028,0.0004630124318544
Globe,C1BMSCP00,WATER,1,2029,0.0003977556461568
Globe,C1BMSCP00,WATER,1,2030,0.0006129926442209981
Globe,C1BMSCP00,WATER,1,2031,0.000264134608776
Globe,C1BMSCP00,WATER,1,2032,0.001346969576336539
Globe,C1BMSCP00,WATER,1,2033,0.00149001876216
Globe,C1BMSCP00,WATER,1,2034,0.00072768358152
Globe,C1CO00I00,CO2EQ,1,2010,12.44873544
Globe,C1CO00I00,CO2EQ,1,2011,12.54739728
Globe,C1CO00I00,CO2EQ,1,2012,12.64605912
Globe,C1CO00I00,CO2EQ,1,2013,12.744712020000001
Globe,C1CO00I00,CO2EQ,1,2014,12.74471202
Globe,C1CO00I00,CO2EQ,1,2015,12.744712020000003
Globe,C1CO00I00,CO2EQ,1,2016,12.74471202
Globe,C1CO00I00,CO2EQ,1,2017,12.65531202
Globe,C1CO00I00,CO2EQ,1,2018,12.56591202
Globe,C1CO00I00,CO2EQ,1,2019,12.47651202
Globe,C1CO00I00,CO2EQ,1,2020,12.56049565261753
Globe,C1CO00I00,CO2EQ,1,2021,13.04581168272812
Globe,C1CO00I00,CO2EQ,1,2022,13.261552434845289
Globe,C1CO00I00,CO2EQ,1,2023,13.896949372161199
Globe,C1CO00I00,CO2EQ,1,2024,14.622839443549797
Globe,C1CO00I00,CO2EQ,1,2025,15.652939812940998
Globe,C1CO00I00,CO2EQ,1,2026,16.530386158132256
Globe,C1CO00I00,CO2EQ,1,2027,17.218625142528598
Globe,C1CO00I00,CO2EQ,1,2028,17.91831575581175
Globe,C1CO00I00,CO2EQ,1,2029,19.245968706557214
Globe,C1CO00I00,CO2EQ,1,2030,20.303301775674125
Globe,C1CO00I00,CO2EQ,1,2031,21.146660049915017
Globe,C1CO00I00,CO2EQ,1,2032,21.754044813367134
Globe,C1CO00I00,CO2EQ,1,2033,22.413609897593965
Globe,C1CO00I00,CO2EQ,1,2034,23.06844764781444
Globe,C1CO00I00,CO2EQ,1,2035,23.57462262449959
Globe,C1CO00I00,CO2EQ,1,2036,24.05284931224552
Globe,C1CO00I00,CO2EQ,1,2037,24.5849497778735
Globe,C1CO00I00,CO2EQ,1,2038,25.1089400967558
Globe,C1CO00I00,CO2EQ,1,2039,25.542080462520616
Globe,C1CO00I00,CO2EQ,1,2040,25.952938331372987
Globe,C1CO00I00,CO2EQ,1,2041,26.299936335302522
Globe,C1CO00I00,CO2EQ,1,2042,26.638687514334887
Globe,C1CO00I00,CO2EQ,1,2043,26.96789647735619
Globe,C1CO00I00,CO2EQ,1,2044,27.191424549209508
Globe,C1CO00I00,CO2EQ,1,2045,27.29985545111657
Globe,C1CO00I00,CO2EQ,1,2046,27.390025289013852
Globe,C1CO00I00,CO2EQ,1,2047,27.43872401594037
Globe,C1CO00I00,CO2EQ,1,2048,27.470098531958566
Globe,C1CO00I00,CO2EQ,1,2049,27.455242997151284
Globe,C1CO00I00,CO2EQ,1,2050,27.440793943467988
Globe,C1CO00I00,CO2EQ,1,2051,27.680633186651622
Globe,C1CO00I00,CO2EQ,1,2052,27.84338148798988
Globe,C1CO00I00,CO2EQ,1,2053,27.859838307079432
Globe,C1CO00I00,CO2EQ,1,2054,27.84502778694976
Globe,C1CO00I00,CO2EQ,1,2055,27.823102534029765
Globe,C1CO00I00,CO2EQ,1,2056,27.81713138622609
Globe,C1CO00I00,CO2EQ,1,2057,27.817131386226094
Globe,C1CO00I00,CO2EQ,1,2058,27.81715332934454
Globe,C1CO00I00,CO2EQ,1,2059,27.81715332934453
Globe,C1CO00I00,CO2EQ,1,2060,23.243999999999975
Globe,C1CO00I00,WATER,1,2010,0.02784952
Globe,C1CO00I00,WATER,1,2011,0.02807024
Globe,C1CO00I00,WATER,1,2012,0.02829096
Globe,C1CO00I00,WATER,1,2013,0.02851166
Globe,C1CO00I00,WATER,1,2014,0.02851166
Globe,C1CO00I00,WATER,1,2015,0.028511660000000005
Globe,C1CO00I00,WATER,1,2016,0.02851166
Globe,C1CO00I00,WATER,1,2017,0.028311660000000006
Globe,C1CO00I00,WATER,1,2018,0.028111660000000004
Globe,C1CO00I00,WATER,1,2019,0.027911659999999998
Globe,C1CO00I00,WATER,1,2020,0.02809954284701908
Globe,C1CO00I00,WATER,1,2021,0.029185261035185952
Globe,C1CO00I00,WATER,1,2022,0.029667902538803782
Globe,C1CO00I00,WATER,1,2023,0.031089372197228633
Globe,C1CO00I00,WATER,1,2024,0.032713287345748986
Globe,C1CO00I00,WATER,1,2025,0.035017762445058165
Globe,C1CO00I00,WATER,1,2026,0.036980729660251135
Globe,C1CO00I00,WATER,1,2027,0.03852041418910201
Globe,C1CO00I00,WATER,1,2028,0.04008571757452294
Globe,C1CO00I00,WATER,1,2029,0.043055858403931134
Globe,C1CO00I00,WATER,1,2030,0.045421256768845925
Globe,C1CO00I00,WATER,1,2031,0.04730796431748327
Globe,C1CO00I00,WATER,1,2032,0.04866676692028442
Globe,C1CO00I00,WATER,1,2033,0.05014230402146301
Globe,C1CO00I00,WATER,1,2034,0.05160726543135222
Globe,C1CO00I00,WATER,1,2035,0.05273964792952929
Globe,C1CO00I00,WATER,1,2036,0.053809506291377006
Globe,C1CO00I00,WATER,1,2037,0.05499988764624945
Globe,C1CO00I00,WATER,1,2038,0.05617212549609798
Globe,C1CO00I00,WATER,1,2039,0.0571411196029544
Globe,C1CO00I00,WATER,1,2040,0.05806026472342951
Globe,C1CO00I00,WATER,1,2041,0.05883654661141504
Globe,C1CO00I00,WATER,1,2042,0.05959437922669997
Globe,C1CO00I00,WATER,1,2043,0.06033086460258655
Globe,C1CO00I00,WATER,1,2044,0.06083092740315327
Globe,C1CO00I00,WATER,1,2045,0.06107350212777757
Globe,C1CO00I00,WATER,1,2046,0.06127522436020996
Globe,C1CO00I00,WATER,1,2047,0.06138417005803214
Globe,C1CO00I00,WATER,1,2048,0.06145435913189835
Globe,C1CO00I00,WATER,1,2049,0.061421125273269095
Globe,C1CO00I00,WATER,1,2050,0.061388800768384766
Globe,C1CO00I00,WATER,1,2051,0.061925353885126676
Globe,C1CO00I00,WATER,1,2052,0.062289444044720095
Globe,C1CO00I00,WATER,1,2053,0.06232626019480858
Globe,C1CO00I00,WATER,1,2054,0.06229312704015606
Globe,C1CO00I00,WATER,1,2055,0.062244077257337285
Globe,C1CO00I00,WATER,1,2056,0.06223071898484584
Globe,C1CO00I00,WATER,1,2057,0.06223071898484585
Globe,C1CO00I00,WATER,1,2058,0.062230768074596286
Globe,C1CO00I00,WATER,1,2059,0.062230768074596265
Globe,C1CO00I00,WATER,1,2060,0.05199999999999994
Globe,C1COCHP00,WATER,1,2010,0.002783627531999994
Globe,C1COCHP00,WATER,1,2011,0.002836702030276813
Globe,C1COCHP00,WATER,1,2012,0.002819650505616
Globe,C1COCHP00,WATER,1,2013,0.0028957668106752003
Globe,C1COCHP00,WATER,1,2014,0.0028692325968768004
Globe,C1COCHP00,WATER,1,2015,0.0029693895452928
Globe,C1COCHP00,WATER,1,2016,0.00293961709391616
Globe,C1COCHP00,WATER,1,2017,0.00290360403648
Globe,C1COCHP00,WATER,1,2018,0.0028172900044799998
Globe,C1COCHP00,WATER,1,2019,0.00273442853376
Globe,C1COCHP00,WATER,1,2020,0.00264811450176
Globe,C1COCHP00,WATER,1,2021,0.00256180046976
Globe,C1COCHP00,WATER,1,2022,0.00247548643776
Globe,C1COCHP00,WATER,1,2023,0.00239262496704
Globe,C1COCHP00,WATER,1,2024,0.0023063109350399996
Globe,C1COCHP00,WATER,1,2025,0.0022199969030400005
Globe,C1COCHP00,WATER,1,2026,0.00213368287104
Globe,C1COCHP00,WATER,1,2027,0.00205082140032
Globe,C1COCHP00,WATER,1,2028,0.0019645073683200003
Globe,C1COCHP00,WATER,1,2029,0.00187819333632
Globe,C1COCHP00,WATER,1,2030,0.0017918793043200003
Globe,C1COCHP00,WATER,1,2031,0.001344461311761866
Globe,C1COCHP00,WATER,1,2032,0.000147101627232
Globe,C1COCHP00,WATER,1,2033,0.000139277072592
Globe,C1COCHP00,WATER,1,2034,0.00013145251795199998
Globe,C1COCHP00,WATER,1,2035,0.0001239409454976
Globe,C1COCHP00,WATER,1,2036,0.00011611639085760001
Globe,C1COCHP00,WATER,1,2037,0.0001082918362176
Globe,C1COCHP00,WATER,1,2038,0.0001007802637632
Globe,C1COCHP00,WATER,1,2039,9.29557091232e-05
Globe,C1COCHP00,WATER,1,2040,8.51311544832e-05
Globe,C1COCHP00,WATER,1,2041,7.730659984320001e-05
Globe,C1COCHP00,WATER,1,2042,6.97950273888e-05
Globe,C1COCHP00,WATER,1,2043,6.19704727488e-05
Globe,C1COCHP00,WATER,1,2044,5.41459181088e-05
Globe,C1COCHP00,WATER,1,2045,4.63213634688e-05
Globe,C1COCHP00,WATER,1,2046,3.88097910144e-05
Globe,C1COCHP00,WATER,1,2047,3.09852363744e-05
Globe,C1COCHP00,WATER,1,2048,2.31606817344e-05
Globe,C1COCHP00,WATER,1,2049,1.53361270944e-05
Globe,C1COCHP00,WATER,1,2050,8.6314032e-05
Globe,C1COCHP00,WATER,1,2051,7.824554640000001e-06
Globe,C1COCHP00,WATER,1,2052,3.7072853969571036e-05
Globe,C1COCHP00,WATER,1,2053,7.824554640000001e-06
Globe,C1COCHP00,WATER,1,2054,7.824554640000001e-06
Globe,C1COCHP00,WATER,1,2055,7.824554640000001e-06
Globe,C1COCHP00,WATER,1,2056,7.824554640000001e-06
Globe,C1COCHP00,WATER,1,2057,7.824554640000001e-06
Globe,C1COCHP00,WATER,1,2058,7.824554640000001e-06
Globe,C1COCHP00,WATER,1,2059,7.824554640000001e-06
Globe,C1COCHP00,WATER,1,2060,7.824554640000001e-06
Globe,C1COHTF03,WATER,1,2010,0.055379436134399995
Globe,C1COHTF03,WATER,1,2011,0.059287276339200015
Globe,C1COHTF03,WATER,1,2012,0.06319087810559999
Globe,C1COHTF03,WATER,1,2013,0.0670987183104
Globe,C1COHTF03,WATER,1,2014,0.07100655851520002
Globe,C1COHTF03,WATER,1,2015,0.07491439872000001
Globe,C1COHTF03,WATER,1,2016,0.07881800048640002
Globe,C1COHTF03,WATER,1,2017,0.0827258406912
Globe,C1COHTF03,WATER,1,2018,0.08663368089600001
Globe,C1COHTF03,WATER,1,2019,0.0905372826624
Globe,C1COHTF03,WATER,1,2020,0.0944451228672
Globe,C1COHTF03,WATER,1,2021,0.09835296307200002
Globe,C1COHTF03,WATER,1,2022,0.10225656483840001
Globe,C1COHTF03,WATER,1,2023,0.10616440504320003
Globe,C1COHTF03,WATER,1,2024,0.110072245248
Globe,C1COHTF03,WATER,1,2025,0.11398008545280004
Globe,C1COHTF03,WATER,1,2026,0.10808017920000001
Globe,C1COHTF03,WATER,1,2027,0.11443783680000003
Globe,C1COHTF03,WATER,1,2028,0.12079549440000002
Globe,C1COHTF03,WATER,1,2029,0.12715315200000002
Globe,C1COHTF03,WATER,1,2030,0.12715315200000002
Globe,C1COHTF03,WATER,1,2031,0.12715315200000002
Globe,C1COHTF03,WATER,1,2032,0.12715315200000002
Globe,C1COHTF03,WATER,1,2033,0.12715315199999996
Globe,C1COHTF03,WATER,1,2034,0.12715315200000002
Globe,C1COHTF03,WATER,1,2035,0.12715315199999996
Globe,C1COHTF03,WATER,1,2036,0.12715315200000002
Globe,C1COHTF03,WATER,1,2037,0.127153152
Globe,C1COHTF03,WATER,1,2038,0.12715315200000002
Globe,C1COHTF03,WATER,1,2039,0.12715315200000002
Globe,C1COHTF03,WATER,1,2040,0.127153152
Globe,C1COHTF03,WATER,1,2041,0.127153152
Globe,C1COHTF03,WATER,1,2042,0.12715315200000002
Globe,C1COHTF03,WATER,1,2043,0.12715315200000005
Globe,C1COHTF03,WATER,1,2044,0.12715315200000002
Globe,C1COHTF03,WATER,1,2045,0.12715315200000002
Globe,C1COHTF03,WATER,1,2046,0.127153152
Globe,C1COHTF03,WATER,1,2047,0.12715315200000002
Globe,C1COHTF03,WATER,1,2048,0.12715315200000002
Globe,C1COHTF03,WATER,1,2049,0.127153152
Globe,C1COHTF03,WATER,1,2050,0.12715315200000002
Globe,C1COHTF03,WATER,1,2051,0.12715315200000002
Globe,C1COHTF03,WATER,1,2052,0.12715315200000002
Globe,C1COHTF03,WATER,1,2053,0.12715315200000002
Globe,C1COHTF03,WATER,1,2054,0.12715315200000002
Globe,C1COHTF03,WATER,1,2055,0.12715315200000002
Globe,C1COHTF03,WATER,1,2056,0.12715315200000002
Globe,C1COHTF03,WATER,1,2057,0.12715315200000002
Globe,C1COHTF03,WATER,1,2058,0.12715315200000002
Globe,C1COHTF03,WATER,1,2059,0.12715315200000002
Globe,C1COHTF03,WATER,1,2060,0.11959950366368866
Globe,C1COIGP00,WATER,1,2010,0.00011258352
Globe,C1COIGP00,WATER,1,2011,0.00011258352
Globe,C1COIGP00,WATER,1,2012,0.00011258352
Globe,C1COIGP00,WATER,1,2013,0.0001381024512
Globe,C1COIGP00,WATER,1,2014,0.0001381024512
Globe,C1COIGP00,WATER,1,2015,0.0001381024512
Globe,C1COIGP00,WATER,1,2016,1.2519287423999999e-05
Globe,C1COIGP00,WATER,1,2017,1.2519287423999999e-05
Globe,C1COIGP00,WATER,1,2018,1.2519287423999999e-05
Globe,C1COIGP00,WATER,1,2019,1.2519287423999999e-05
Globe,C1COIGP00,WATER,1,2020,1.2519287423999999e-05
Globe,C1COIGP00,WATER,1,2021,1.2519287423999999e-05
Globe,C1COIGP00,WATER,1,2022,1.2519287423999999e-05
Globe,C1COIGP00,WATER,1,2023,1.2519287423999999e-05
Globe,C1COIGP00,WATER,1,2024,1.2519287423999999e-05
Globe,C1COIGP00,WATER,1,2025,1.2519287423999999e-05
Globe,C1COIGP00,WATER,1,2026,0.0001381024512
Globe,C1COIGP00,WATER,1,2027,0.0001381024512
Globe,C1COIGP00,WATER,1,2028,0.0001381024512
Globe,C1COIGP00,WATER,1,2029,0.0001381024512
Globe,C1COIGP00,WATER,1,2030,0.0001381024512
Globe,C1COIGP00,WATER,1,2031,0.0001381024512
Globe,C1COIGP00,WATER,1,2032,0.0001381024512
Globe,C1COIGP00,WATER,1,2033,0.0001381024512
Globe,C1COIGP00,WATER,1,2034,0.0001381024512
Globe,C1COIGP00,WATER,1,2035,0.0001381024512
Globe,C1COIGP00,WATER,1,2036,0.0001381024512
Globe,C1COIGP00,WATER,1,2037,0.0001381024512
Globe,C1COIGP00,WATER,1,2038,0.0001381024512
Globe,C1COIGP00,WATER,1,2039,0.0001381024512
Globe,C1COIGP00,WATER,1,2040,0.0001381024512
Globe,C1COIGP00,WATER,1,2041,0.0001381024512
Globe,C1COIGP00,WATER,1,2042,0.0001381024512
Globe,C1COIGP00,WATER,1,2043,0.0001381024512
Globe,C1COIGP00,WATER,1,2044,0.0001381024512
Globe,C1COIGP00,WATER,1,2045,0.0001381024512
Globe,C1COIGP00,WATER,1,2046,0.0001381024512
Globe,C1COIGP00,WATER,1,2047,0.0001381024512
Globe,C1COIGP00,WATER,1,2048,0.0001381024512
Globe,C1COIGP00,WATER,1,2049,0.0001381024512
Globe,C1COLP000,WATER,1,2028,3.0504185747275106e-05
Globe,C1COLP000,WATER,1,2029,0.0021398241214005036
Globe,C1COLP000,WATER,1,2030,0.0040677795160312365
Globe,C1COLP000,WATER,1,2031,0.00476
Globe,C1COLP000,WATER,1,2032,0.0054399999999999995
Globe,C1COLP000,WATER,1,2033,0.006119999999999999
Globe,C1COLP000,WATER,1,2034,0.006799999999999999
Globe,C1COLP000,WATER,1,2035,0.007479999999999998
Globe,C1COLP000,WATER,1,2036,0.008159999999999997
Globe,C1COLP000,WATER,1,2037,0.008839999999999999
Globe,C1COLP000,WATER,1,2038,0.009519999999999997
Globe,C1COLP000,WATER,1,2039,0.010199999999999999
Globe,C1COLP000,WATER,1,2040,0.010879999999999997
Globe,C1COLP000,WATER,1,2041,0.011559999999999997
Globe,C1COLP000,WATER,1,2042,0.012239999999999996
Globe,C1COLP000,WATER,1,2043,0.012919999999999996
Globe,C1COLP000,WATER,1,2044,0.013599999999999998
Globe,C1COLP000,WATER,1,2045,0.013599999999999998
Globe,C1COLP000,WATER,1,2046,0.013599999999999998
Globe,C1COLP000,WATER,1,2047,0.013599999999999998
Globe,C1COLP000,WATER,1,2048,0.013599999999999998
Globe,C1COLP000,WATER,1,2049,0.013599999999999998
Globe,C1COLP000,WATER,1,2050,0.013599999999999998
Globe,C1COLP000,WATER,1,2051,0.013599999999999998
Globe,C1COLP000,WATER,1,2052,0.013599999999999998
Globe,C1COLP000,WATER,1,2053,0.013599999999999998
Globe,C1COLP000,WATER,1,2054,0.013599999999999998
Globe,C1COLP000,WATER,1,2055,0.013599999999999998
Globe,C1COLP000,WATER,1,2056,0.013599999999999998
Globe,C1COLP000,WATER,1,2057,0.013599999999999998
Globe,C1COLP000,WATER,1,2058,0.013599999999999998
Globe,C1COLP000,WATER,1,2059,0.013599999999999998
Globe,C1COLP000,WATER,1,2060,0.01342135053856984
Globe,C1COSCP00,WATER,1,2010,0.389491864416
Globe,C1COSCP00,WATER,1,2011,0.38697444963002875
Globe,C1COSCP00,WATER,1,2012,0.3841122459534336
Globe,C1COSCP00,WATER,1,2013,0.40465434360211916
Globe,C1COSCP00,WATER,1,2014,0.4007744971981128
Globe,C1COSCP00,WATER,1,2015,0.39655140248596316
Globe,C1COSCP00,WATER,1,2016,0.42184747953458934
Globe,C1COSCP00,WATER,1,2017,0.38914943378755495
Globe,C1COSCP00,WATER,1,2018,0.335590931722353
Globe,C1COSCP00,WATER,1,2019,0.28396184671959435
Globe,C1COSCP00,WATER,1,2020,0.2460928163353949
Globe,C1COSCP00,WATER,1,2021,0.26867927034332134
Globe,C1COSCP00,WATER,1,2022,0.2727001431003826
Globe,C1COSCP00,WATER,1,2023,0.2603381491844201
Globe,C1COSCP00,WATER,1,2024,0.25897533305108256
Globe,C1COSCP00,WATER,1,2025,0.28165851384407037
Globe,C1COSCP00,WATER,1,2026,0.3790364860164527
Globe,C1COSCP00,WATER,1,2027,0.4006322568228529
Globe,C1COSCP00,WATER,1,2028,0.4221937486279734
Globe,C1COSCP00,WATER,1,2029,0.44378951943437295
Globe,C1COSCP00,WATER,1,2030,0.46535101123949285
Globe,C1COSCP00,WATER,1,2031,0.4869467820458928
Globe,C1COSCP00,WATER,1,2032,0.5085425528522929
Globe,C1COSCP00,WATER,1,2033,0.5301040446574129
Globe,C1COSCP00,WATER,1,2034,0.5516998154638127
Globe,C1COSCP00,WATER,1,2035,0.5732613072689328
Globe,C1COSCP00,WATER,1,2036,0.5948570780753327
Globe,C1COSCP00,WATER,1,2037,0.6164185698804527
Globe,C1COSCP00,WATER,1,2038,0.6380143406868524
Globe,C1COSCP00,WATER,1,2039,0.6595758324919726
Globe,C1COSCP00,WATER,1,2040,0.6811716032983723
Globe,C1COSCP00,WATER,1,2041,0.702733095103493
Globe,C1COSCP00,WATER,1,2042,0.7047419616840758
Globe,C1COSCP00,WATER,1,2043,0.7059959612621436
Globe,C1COSCP00,WATER,1,2044,0.6990517439760452
Globe,C1COSCP00,WATER,1,2045,0.707572389590653
Globe,C1COSCP00,WATER,1,2046,0.7136142765306474
Globe,C1COSCP00,WATER,1,2047,0.7170815752634783
Globe,C1COSCP00,WATER,1,2048,0.7238835782288702
Globe,C1COSCP00,WATER,1,2049,0.7251273292032545
Globe,C1COSCP00,WATER,1,2050,0.7288999864676758
Globe,C1COSCP00,WATER,1,2051,0.7294209407365189
Globe,C1COSCP00,WATER,1,2052,0.7314313299416014
Globe,C1COSCP00,WATER,1,2053,0.7335547894960688
Globe,C1COSCP00,WATER,1,2054,0.7335547894960686
Globe,C1COSCP00,WATER,1,2055,0.733554789496068
Globe,C1COSCP00,WATER,1,2056,0.7335547894960683
Globe,C1COSCP00,WATER,1,2057,0.7335547894960686
Globe,C1COSCP00,WATER,1,2058,0.7334753783610028
Globe,C1COSCP00,WATER,1,2059,0.7334753783610015
Globe,C1COSCP00,WATER,1,2060,0.7119469239144355
Globe,C1COSF000,WATER,1,2033,0.010634417620086151
Globe,C1COSF000,WATER,1,2034,0.02575441762008615
Globe,C1COSF000,WATER,1,2035,0.029794114467894924
Globe,C1COSF000,WATER,1,2036,0.03324087158038732
Globe,C1COSF000,WATER,1,2037,0.04127831359536449
Globe,C1COSF000,WATER,1,2038,0.049100730222689244
Globe,C1COSF000,WATER,1,2039,0.05158601977814309
Globe,C1COSF000,WATER,1,2040,0.05370146844632364
Globe,C1COSF000,WATER,1,2041,0.0537174318742267
Globe,C1COSF000,WATER,1,2042,0.0688374318742267
Globe,C1COSF000,WATER,1,2043,0.0839574318742267
Globe,C1COSF000,WATER,1,2044,0.0990774318742267
Globe,C1COSF000,WATER,1,2045,0.1141974318742267
Globe,C1COSF000,WATER,1,2046,0.12931743187422673
Globe,C1COSF000,WATER,1,2047,0.1444374318742267
Globe,C1COSF000,WATER,1,2048,0.15955743187422666
Globe,C1COSF000,WATER,1,2049,0.17467743187422666
Globe,C1COSF000,WATER,1,2050,0.18979743187422668
Globe,C1COSF000,WATER,1,2051,0.2049174318742266
Globe,C1COSF000,WATER,1,2052,0.21442381674573224
Globe,C1COSF000,WATER,1,2053,0.2142584471713921
Globe,C1COSF000,WATER,1,2054,0.2142584471713921
Globe,C1COSF000,WATER,1,2055,0.21457854059145665
Globe,C1COSF000,WATER,1,2056,0.21495493897820703
Globe,C1COSF000,WATER,1,2057,0.21495493897820725
Globe,C1COSF000,WATER,1,2058,0.21501774000375354
Globe,C1COSF000,WATER,1,2059,0.21501774000375362
Globe,C1COSF000,WATER,1,2060,0.013792437241113344
Globe,C1GOCVP00,WATER,1,2010,0.00035920765439999996
Globe,C1GOCVP00,WATER,1,2011,0.000349671168
Globe,C1GOCVP00,WATER,1,2012,0.0003401346816
Globe,C1GOCVP00,WATER,1,2013,0.00033794482176
Globe,C1GOCVP00,WATER,1,2014,0.00032819641344
Globe,C1GOCVP00,WATER,1,2015,0.00032169747456000004
Globe,C1GOCVP00,WATER,1,2016,0.00031194906624
Globe,C1GOCVP00,WATER,1,2017,0.00030220065792
Globe,C1GOCVP00,WATER,1,2018,0.0002924522496
Globe,C1GOCVP00,WATER,1,2019,0.00028270384128
Globe,C1GOCVP00,WATER,1,2020,0.0002762049024
Globe,C1GOCVP00,WATER,1,2021,0.00026645649408
Globe,C1GOCVP00,WATER,1,2022,0.00025670808576
Globe,C1GOCVP00,WATER,1,2023,0.00024695967744000003
Globe,C1GOCVP00,WATER,1,2024,0.00023721126911999997
Globe,C1GOCVP00,WATER,1,2025,0.00022746286079999996
Globe,C1GOCVP00,WATER,1,2026,0.00022096392192000002
Globe,C1GOCVP00,WATER,1,2027,0.0002112155136
Globe,C1GOCVP00,WATER,1,2028,0.0014557623091200002
Globe,C1GOCVP00,WATER,1,2029,0.0014460139008
Globe,C1GOCVP00,WATER,1,2030,0.0016377325977600002
Globe,C1GOCVP00,WATER,1,2031,0.00174171561984
Globe,C1GOCVP00,WATER,1,2032,0.0018456986419200002
Globe,C1GOCVP00,WATER,1,2033,0.0019529311334400006
Globe,C1GOCVP00,WATER,1,2034,0.00205691415552
Globe,C1GOCVP00,WATER,1,2035,0.0021608971776000004
Globe,C1GOCVP00,WATER,1,2036,0.0022876264857600004
Globe,C1GOCVP00,WATER,1,2037,0.0024143557939200005
Globe,C1GOCVP00,WATER,1,2038,0.0025410851020800005
Globe,C1GOCVP00,WATER,1,2039,0.0026678144102400005
Globe,C1GOCVP00,WATER,1,2040,0.0027945437183999997
Globe,C1GOCVP00,WATER,1,2041,0.0029862624153599994
Globe,C1GOCVP00,WATER,1,2042,0.00317798111232
Globe,C1GOCVP00,WATER,1,2043,0.00336969980928
Globe,C1GOCVP00,WATER,1,2044,0.0035614185062400007
Globe,C1GOCVP00,WATER,1,2045,0.0037531372032000004
Globe,C1GOCVP00,WATER,1,2046,0.0039058622668799994
Globe,C1GOCVP00,WATER,1,2047,0.00405858733056
Globe,C1GOCVP00,WATER,1,2048,0.00421456186368
Globe,C1GOCVP00,WATER,1,2049,0.00436728692736
Globe,C1GOCVP00,WATER,1,2050,0.004520011991040001
Globe,C1GOCVP00,WATER,1,2051,0.004520011991040001
Globe,C1GOCVP00,WATER,1,2052,0.004520011991040001
Globe,C1GOCVP00,WATER,1,2053,0.004520011991040001
Globe,C1GOCVP00,WATER,1,2054,0.004520011991040001
Globe,C1GOCVP00,WATER,1,2055,0.004520011991040001
Globe,C1GOCVP00,WATER,1,2056,0.004520011991040001
Globe,C1GOCVP00,WATER,1,2057,0.004520011991040001
Globe,C1GOCVP00,WATER,1,2058,0.004520011991040001
Globe,C1GOCVP00,WATER,1,2059,0.004520011991040001
Globe,C1GOCVP00,WATER,1,2060,0.004520011991040001
Globe,C1GOHTF03,WATER,1,2010,0.0005499373823999999
Globe,C1GOHTF03,WATER,1,2011,0.0005276855808000001
Globe,C1GOHTF03,WATER,1,2012,0.0005022549504
Globe,C1GOHTF03,WATER,1,2013,0.0004800031488
Globe,C1GOHTF03,WATER,1,2014,0.0004577513472
Globe,C1GOHTF03,WATER,1,2015,0.00043549954559999997
Globe,C1GOHTF03,WATER,1,2016,0.000413247744
Globe,C1GOHTF03,WATER,1,2017,0.0003878171136
Globe,C1GOHTF03,WATER,1,2018,0.00036556531199999993
Globe,C1GOHTF03,WATER,1,2019,0.00034331351039999997
Globe,C1GOHTF03,WATER,1,2020,0.00032106170880000007
Globe,C1GOHTF03,WATER,1,2021,0.00029880990719999994
Globe,C1GOHTF03,WATER,1,2022,0.00027337927679999994
Globe,C1GOHTF03,WATER,1,2023,0.0002511274752
Globe,C1GOHTF03,WATER,1,2024,0.0002288756736
Globe,C1GOHTF03,WATER,1,2025,0.00020662387199999998
Globe,C1GOHTF03,WATER,1,2026,0.0001843720704
Globe,C1GOHTF03,WATER,1,2027,0.00015894143999999999
Globe,C1GOHTF03,WATER,1,2028,0.00013668963839999997
Globe,C1GOHTF03,WATER,1,2029,0.00011443783680000001
Globe,C1GOHTF03,WATER,1,2030,9.21860352e-05
Globe,C1GOHTF03,WATER,1,2031,6.993423359999999e-05
Globe,C1GOHTF03,WATER,1,2032,4.450360319999999e-05
Globe,C1GOHTF03,WATER,1,2033,2.2251801599999995e-05
Globe,C1GOHTF03,WATER,1,2048,0.0005877002726612189
Globe,C1GOHTF03,WATER,1,2049,0.0009850461540750733
Globe,C1GOHTF03,WATER,1,2050,0.0009850461540750657
Globe,C1GOHTF03,WATER,1,2051,0.0009850461540750757
Globe,C1GOHTF03,WATER,1,2052,0.000985046154075069
Globe,C1GOHTF03,WATER,1,2053,0.000985046154075036
Globe,C1GOHTF03,WATER,1,2054,0.0009850461540750757
Globe,C1GOHTF03,WATER,1,2055,0.0009850461540750759
Globe,C1GOHTF03,WATER,1,2056,0.0009850461540750757
Globe,C1GOHTF03,WATER,1,2057,0.0009850461540750757
Globe,C1GOHTF03,WATER,1,2058,0.0009850461540750755
Globe,C1GOHTF03,WATER,1,2059,0.0009850461540750757
Globe,C1GOHTF03,WATER,1,2060,0.015128356241441574
Globe,C1HFGCP00,WATER,1,2010,0.0029144375102592005
Globe,C1HFGCP00,WATER,1,2011,0.004125777836486083
Globe,C1HFGCP00,WATER,1,2012,0.005245417207062144
Globe,C1HFGCP00,WATER,1,2013,0.006276124191388435
Globe,C1HFGCP00,WATER,1,2014,0.00721522746547004
Globe,C1HFGCP00,WATER,1,2015,0.008065301107895741
Globe,C1HFGCP00,WATER,1,2016,0.008823868285482893
Globe,C1HFGCP00,WATER,1,2017,0.009496416051993601
Globe,C1HFGCP00,WATER,1,2018,0.0090831230759088
Globe,C1HFGCP00,WATER,1,2019,0.019061413360584416
Globe,C1HFGCP00,WATER,1,2020,0.05190145776344244
Globe,C1HFGCP00,WATER,1,2021,0.0290427910838476
Globe,C1HFGCP00,WATER,1,2022,0.0074299511715696
Globe,C1HFGCP00,WATER,1,2023,0.0070166581954848005
Globe,C1HFGCP00,WATER,1,2024,0.0066064726853856
Globe,C1HFGCP00,WATER,1,2025,0.0061931797093008
Globe,C1HFGCP00,WATER,1,2026,0.005779886733216
Globe,C1HFGCP00,WATER,1,2027,0.005366593757131201
Globe,C1HFGCP00,WATER,1,2028,0.0049533007810464
Globe,C1HFGCP00,WATER,1,2029,0.0045400078049616
Globe,C1HFGCP00,WATER,1,2030,0.0041298222948624
Globe,C1HFGCP00,WATER,1,2031,0.0037165293187776003
Globe,C1HFGCP00,WATER,1,2032,0.0033032363426928
Globe,C1HFGCP00,WATER,1,2033,0.002889943366608
Globe,C1HFGCPCH,WATER,1,2010,0.0006417260640000002
Globe,C1HFGCPCH,WATER,1,2011,0.0011708354952
Globe,C1HFGCPCH,WATER,1,2012,0.0017976990996719999
Globe,C1HFGCPCH,WATER,1,2013,0.0025197185160000008
Globe,C1HFGCPCH,WATER,1,2014,0.003337103458584
Globe,C1HFGCPCH,WATER,1,2015,0.0042470701784784
Globe,C1HFGCPCH,WATER,1,2016,0.005255023435199998
Globe,C1HFGCPCH,WATER,1,2017,0.005950226671199999
Globe,C1HFGCPCH,WATER,1,2018,0.006641864762399997
Globe,C1HFGCPCH,WATER,1,2019,0.007337067998399998
Globe,C1HFGCPCH,WATER,1,2020,0.007319242274399997
Globe,C1HFGCPCH,WATER,1,2021,0.007301416550399998
Globe,C1HFGCPCH,WATER,1,2022,0.0072800256815999985
Globe,C1HFGCPCH,WATER,1,2023,0.007262199957599998
Globe,C1HFGCPCH,WATER,1,2024,0.007244374233599998
Globe,C1HFGCPCH,WATER,1,2025,0.007222983364799997
Globe,C1HFGCPCH,WATER,1,2026,0.0030547854323747297
Globe,C1HFGCPCH,WATER,1,2027,0.003145280509888542
Globe,C1HFGCPCH,WATER,1,2028,0.0006259643712000001
Globe,C1HFGCPCH,WATER,1,2029,0.0006259643712000001
Globe,C1HFGCPCH,WATER,1,2030,0.0006259643712000001
Globe,C1HFGCPCH,WATER,1,2031,0.0006259643712000001
Globe,C1HFGCPCH,WATER,1,2032,0.0006259643712000001
Globe,C1HFGCPCH,WATER,1,2033,0.0006259643712000001
Globe,C1HFGCPCH,WATER,1,2034,0.0005019290965936203
Globe,C1HFGCPCH,WATER,1,2035,0.00012426585308487352
Globe,C1HFGCPCH,WATER,1,2036,0.0001323413689447005
Globe,C1HFGCPCH,WATER,1,2037,0.00022740001662475872
Globe,C1HFGCPCH,WATER,1,2038,0.00012342173446191847
Globe,C1HYDMP00,WATER,1,2010,2.602372921344
Globe,C1HYDMP00,WATER,1,2011,2.6250948899134845
Globe,C1HYDMP00,WATER,1,2012,2.6457837546381695
Globe,C1HYDMP00,WATER,1,2013,2.665716304732589
Globe,C1HYDMP00,WATER,1,2014,2.6842500793817856
Globe,C1HYDMP00,WATER,1,2015,2.7013850785857603
Globe,C1HYDMP00,WATER,1,2016,2.7165195036064516
Globe,C1HYDMP00,WATER,1,2017,2.7308650843353606
Globe,C1HYDMP00,WATER,1,2018,2.6934559735910404
Globe,C1HYDMP00,WATER,1,2019,2.65604686284672
Globe,C1HYDMP00,WATER,1,2020,2.6186377521024
Globe,C1HYDMP00,WATER,1,2021,2.5812286413580803
Globe,C1HYDMP00,WATER,1,2022,2.885110395633437
Globe,C1HYDMP00,WATER,1,2023,3.3076183889416764
Globe,C1HYDMP00,WATER,1,2024,3.491301937802032
Globe,C1HYDMP00,WATER,1,2025,3.6348319590292073
Globe,C1HYDMP00,WATER,1,2026,4.072962391644888
Globe,C1HYDMP00,WATER,1,2027,4.494835061914183
Globe,C1HYDMP00,WATER,1,2028,4.66535994672384
Globe,C1HYDMP00,WATER,1,2029,4.75571245996224
Globe,C1HYDMP00,WATER,1,2030,4.84606497320064
Globe,C1HYDMP00,WATER,1,2031,4.911372403822081
Globe,C1HYDMP00,WATER,1,2032,4.97667983444352
Globe,C1HYDMP00,WATER,1,2033,5.041670238702721
Globe,C1HYDMP00,WATER,1,2034,5.106977669324161
Globe,C1HYDMP00,WATER,1,2035,5.172285099945601
Globe,C1HYDMP00,WATER,1,2036,5.225862555164161
Globe,C1HYDMP00,WATER,1,2037,5.279440010382721
Globe,C1HYDMP00,WATER,1,2038,5.333334491963521
Globe,C1HYDMP00,WATER,1,2039,5.38691194718208
Globe,C1HYDMP00,WATER,1,2040,5.440489402400641
Globe,C1HYDMP00,WATER,1,2041,5.488043356736646
Globe,C1HYDMP00,WATER,1,2042,5.535597311072641
Globe,C1HYDMP00,WATER,1,2043,5.583151265408638
Globe,C1HYDMP00,WATER,1,2044,5.630705219744641
Globe,C1HYDMP00,WATER,1,2045,5.678259174080641
Globe,C1HYDMP00,WATER,1,2046,5.710912889391362
Globe,C1HYDMP00,WATER,1,2047,5.743566604702083
Globe,C1HYDMP00,WATER,1,2048,5.776220320012799
Globe,C1HYDMP00,WATER,1,2049,5.808874035323522
Globe,C1HYDMP00,WATER,1,2050,5.841527750634242
Globe,C1HYDMP00,WATER,1,2051,5.841527750634242
Globe,C1HYDMP00,WATER,1,2052,5.841527750634242
Globe,C1HYDMP00,WATER,1,2053,5.841527750634243
Globe,C1HYDMP00,WATER,1,2054,5.841527750634243
Globe,C1HYDMP00,WATER,1,2055,5.841527750634244
Globe,C1HYDMP00,WATER,1,2056,5.841527750634243
Globe,C1HYDMP00,WATER,1,2057,5.841527750634235
Globe,C1HYDMP00,WATER,1,2058,5.841527750634243
Globe,C1HYDMP00,WATER,1,2059,5.841527750634243
Globe,C1HYDMP00,WATER,1,2060,5.841527750634242
Globe,C1HYMIP00,WATER,1,2010,0.19877552912448
Globe,C1HYMIP00,WATER,1,2011,0.19623931822656
Globe,C1HYMIP00,WATER,1,2012,0.19402013369088003
Globe,C1HYMIP00,WATER,1,2013,0.19148392279296
Globe,C1HYMIP00,WATER,1,2014,0.18894771189503995
Globe,C1HYMIP00,WATER,1,2015,0.18641150099711998
Globe,C1HYMIP00,WATER,1,2016,0.1838752900992
Globe,C1HYMIP00,WATER,1,2017,0.18133907920127998
Globe,C1HYMIP00,WATER,1,2018,0.17880286830336
Globe,C1HYMIP00,WATER,1,2019,0.17658368376768
Globe,C1HYMIP00,WATER,1,2020,0.17404747286976002
Globe,C1HYMIP00,WATER,1,2021,0.17151126197184
Globe,C1HYMIP00,WATER,1,2022,0.16897505107392
Globe,C1HYMIP00,WATER,1,2023,0.16643884017600002
Globe,C1HYMIP00,WATER,1,2024,0.16390262927808
Globe,C1HYMIP00,WATER,1,2025,0.16168344474239998
Globe,C1HYMIP00,WATER,1,2026,0.15914723384447998
Globe,C1HYMIP00,WATER,1,2027,0.15661102294655999
Globe,C1HYMIP00,WATER,1,2028,0.15407481204864001
Globe,C1HYMIP00,WATER,1,2029,0.15153860115072
Globe,C1HYMIP00,WATER,1,2030,0.14900239025280002
Globe,C1HYMIP00,WATER,1,2031,0.14678320571712
Globe,C1HYMIP00,WATER,1,2032,0.14424699481920003
Globe,C1HYMIP00,WATER,1,2033,0.14171078392127998
Globe,C1HYMIP00,WATER,1,2034,0.13917457302336003
Globe,C1HYMIP00,WATER,1,2035,0.13663836212544
Globe,C1HYMIP00,WATER,1,2036,0.13410215122752
Globe,C1HYMIP00,WATER,1,2037,0.13188296669184
Globe,C1HYMIP00,WATER,1,2038,0.12934675579392002
Globe,C1HYMIP00,WATER,1,2039,0.126810544896
Globe,C1HYMIP00,WATER,1,2040,0.12427433399808001
Globe,C1HYMIP00,WATER,1,2041,0.12173812310016001
Globe,C1HYMIP00,WATER,1,2042,0.11920191220224001
Globe,C1HYMIP00,WATER,1,2043,0.11666570130432
Globe,C1HYMIP00,WATER,1,2044,0.11444651676863998
Globe,C1HYMIP00,WATER,1,2045,0.11191030587071998
Globe,C1HYMIP00,WATER,1,2046,0.10937409497280001
Globe,C1HYMIP00,WATER,1,2047,0.10683788407488
Globe,C1HYMIP00,WATER,1,2048,0.10430167317696
Globe,C1HYMIP00,WATER,1,2049,0.10176546227904
Globe,C1HYMIP00,WATER,1,2050,0.09954627774336
Globe,C1HYMIP00,WATER,1,2051,0.09954627774336
Globe,C1HYMIP00,WATER,1,2052,0.09954627774336
Globe,C1HYMIP00,WATER,1,2053,0.09954627774336
Globe,C1HYMIP00,WATER,1,2054,0.09954627774336
Globe,C1HYMIP00,WATER,1,2055,0.09954627774336
Globe,C1HYMIP00,WATER,1,2056,0.09954627774336
Globe,C1HYMIP00,WATER,1,2057,0.09954627774336
Globe,C1HYMIP00,WATER,1,2058,0.09954627774336
Globe,C1HYMIP00,WATER,1,2059,0.09954627774336
Globe,C1HYMIP00,WATER,1,2060,0.09954627774336
Globe,C1LFCCP00,WATER,1,2010,0.00158899055616
Globe,C1LFCCP00,WATER,1,2011,0.0016267290818688003
Globe,C1LFCCP00,WATER,1,2012,0.0016580872743321598
Globe,C1LFCCP00,WATER,1,2013,0.0016830651335500801
Globe,C1LFCCP00,WATER,1,2014,0.0017018917471180802
Globe,C1LFCCP00,WATER,1,2015,0.00172042509606912
Globe,C1LFCCP00,WATER,1,2016,0.00172654303465728
Globe,C1LFCCP00,WATER,1,2017,0.00172628064
Globe,C1LFCCP00,WATER,1,2018,0.004369307283010365
Globe,C1LFCCP00,WATER,1,2019,0.00429223303612627
Globe,C1LFCCP00,WATER,1,2020,0.0042151587892421735
Globe,C1LFCCP00,WATER,1,2021,0.004138084542358077
Globe,C1LFCCP00,WATER,1,2022,0.004068017045190718
Globe,C1LFCCP00,WATER,1,2023,0.0026322185217528384
Globe,C1LFCCP00,WATER,1,2024,0.0004113583524786337
Globe,C1LFCCP00,WATER,1,2025,0.0004032576370866337
Globe,C1LFCCP00,WATER,1,2026,0.0003951569216946337
Globe,C1LFCCP00,WATER,1,2027,0.00038705620630263366
Globe,C1LFCCP00,WATER,1,2028,0.0003789554909106337
Globe,C1LFCCP00,WATER,1,2029,0.00037085477551863374
Globe,C1LFCCP00,WATER,1,2030,0.0003634904887986337
Globe,C1LFCCP00,WATER,1,2031,0.0003553897734066338
Globe,C1LFCCP00,WATER,1,2032,0.0003472890580146337
Globe,C1LFCCP00,WATER,1,2033,0.0003391883426226337
Globe,C1LFCCP00,WATER,1,2034,0.00033108762723063373
Globe,C1LFCCP00,WATER,1,2035,0.0003229869118386337
Globe,C1LFCCP00,WATER,1,2036,0.0003148861964466337
Globe,C1LFCCP00,WATER,1,2037,0.0003075219097266337
Globe,C1LFCCP00,WATER,1,2038,0.00029942119433463364
Globe,C1LFCCP00,WATER,1,2039,0.00029132047894263373
Globe,C1LFCCP00,WATER,1,2040,0.00028321976355063366
Globe,C1LFCCP00,WATER,1,2041,0.00028321976355063366
Globe,C1LFCCP00,WATER,1,2042,0.00028321976355063366
Globe,C1LFCCP00,WATER,1,2043,0.0002541126808555614
Globe,C1LFCCP00,WATER,1,2044,0.00028321976355063366
Globe,C1LFCCP00,WATER,1,2047,0.00028321976355063366
Globe,C1NG00I00,CO2EQ,1,2010,5.434180619999999
Globe,C1NG00I00,CO2EQ,1,2011,5.5187650999999995
Globe,C1NG00I00,CO2EQ,1,2012,5.603349580000001
Globe,C1NG00I00,CO2EQ,1,2013,5.68793406
Globe,C1NG00I00,CO2EQ,1,2014,5.772518539999999
Globe,C1NG00I00,CO2EQ,1,2015,5.85709799
Globe,C1NG00I00,CO2EQ,1,2016,5.85709799
Globe,C1NG00I00,CO2EQ,1,2017,5.857097990000001
Globe,C1NG00I00,CO2EQ,1,2018,5.857097989999999
Globe,C1NG00I00,CO2EQ,1,2019,5.85709799
Globe,C1NG00I00,CO2EQ,1,2020,5.857097989999999
Globe,C1NG00I00,CO2EQ,1,2021,5.857097989999999
Globe,C1NG00I00,CO2EQ,1,2022,5.857097989999999
Globe,C1NG00I00,CO2EQ,1,2023,5.70619799
Globe,C1NG00I00,CO2EQ,1,2024,5.55529799
Globe,C1NG00I00,CO2EQ,1,2025,5.404397989999999
Globe,C1NG00I00,CO2EQ,1,2026,5.25349799
Globe,C1NG00I00,CO2EQ,1,2027,5.10259799
Globe,C1NG00I00,CO2EQ,1,2028,4.951697989999999
Globe,C1NG00I00,CO2EQ,1,2029,4.8007979899999995
Globe,C1NG00I00,CO2EQ,1,2030,4.6498979899999995
Globe,C1NG00I00,CO2EQ,1,2031,4.4989979899999994
Globe,C1NG00I00,CO2EQ,1,2032,4.348097989999999
Globe,C1NG00I00,CO2EQ,1,2033,4.197197989999999
Globe,C1NG00I00,CO2EQ,1,2034,4.046297989999999
Globe,C1NG00I00,CO2EQ,1,2035,4.030613370931582
Globe,C1NG00I00,CO2EQ,1,2036,3.9544698013446977
Globe,C1NG00I00,CO2EQ,1,2037,3.6813859070496795
Globe,C1NG00I00,CO2EQ,1,2038,3.442697989999999
Globe,C1NG00I00,CO2EQ,1,2039,3.291797989999999
Globe,C1NG00I00,CO2EQ,1,2040,3.1408979899999996
Globe,C1NG00I00,CO2EQ,1,2041,2.98999799
Globe,C1NG00I00,CO2EQ,1,2042,2.8390979900000004
Globe,C1NG00I00,CO2EQ,1,2043,2.68819799
Globe,C1NG00I00,CO2EQ,1,2044,2.53729799
Globe,C1NG00I00,CO2EQ,1,2045,2.3863979900000003
Globe,C1NG00I00,CO2EQ,1,2046,2.23549799
Globe,C1NG00I00,CO2EQ,1,2047,2.102722215719525
Globe,C1NG00I00,CO2EQ,1,2048,2.0015018629051715
Globe,C1NG00I00,CO2EQ,1,2049,1.9192978949875277
Globe,C1NG00I00,CO2EQ,1,2050,1.822805620099007
Globe,C1NG00I00,CO2EQ,1,2051,1.7022230987553204
Globe,C1NG00I00,CO2EQ,1,2052,1.63189799
Globe,C1NG00I00,CO2EQ,1,2053,1.63189799
Globe,C1NG00I00,CO2EQ,1,2054,1.6318979900000001
Globe,C1NG00I00,CO2EQ,1,2055,1.6318979900000001
Globe,C1NG00I00,CO2EQ,1,2056,1.6318979900000004
Globe,C1NG00I00,CO2EQ,1,2057,1.63189799
Globe,C1NG00I00,CO2EQ,1,2058,1.6318979900000001
Globe,C1NG00I00,CO2EQ,1,2059,1.6318979900000001
Globe,C1NG00I00,CO2EQ,1,2060,3.095919866867546
Globe,C1NGCCP00,WATER,1,2010,0.027802831392000002
Globe,C1NGCCP00,WATER,1,2011,0.0295646972544
Globe,C1NGCCP00,WATER,1,2012,0.03560956817489691
Globe,C1NGCCP00,WATER,1,2013,0.04253904493507164
Globe,C1NGCCP00,WATER,1,2014,0.05007806211764639
Globe,C1NGCCP00,WATER,1,2015,0.05952054460534604
Globe,C1NGCCP00,WATER,1,2016,0.0684667680944491
Globe,C1NGCCP00,WATER,1,2017,0.07804217010387218
Globe,C1NGCCP00,WATER,1,2018,0.08333839910739219
Globe,C1NGCCP00,WATER,1,2019,0.0886346281109122
Globe,C1NGCCP00,WATER,1,2020,0.09393085711443219
Globe,C1NGCCP00,WATER,1,2021,0.09922018099539218
Globe,C1NGCCP00,WATER,1,2022,0.10451640999891218
Globe,C1NGCCP00,WATER,1,2023,0.10981263900243222
Globe,C1NGCCP00,WATER,1,2024,0.11510886800595221
Globe,C1NGCCP00,WATER,1,2025,0.11710025600890564
Globe,C1NGCCP00,WATER,1,2026,0.10906350952776907
Globe,C1NGCCP00,WATER,1,2027,0.10714788269215335
Globe,C1NGCCP00,WATER,1,2028,0.11319064339227987
Globe,C1NGCCP00,WATER,1,2029,0.1213862478498083
Globe,C1NGCCP00,WATER,1,2030,0.11846855097976726
Globe,C1NGCCP00,WATER,1,2031,0.12041027279770633
Globe,C1NGCCP00,WATER,1,2032,0.11507025070525094
Globe,C1NGCCP00,WATER,1,2033,0.10305141283845688
Globe,C1NGCCP00,WATER,1,2034,0.09253339616570043
Globe,C1NGCCP00,WATER,1,2035,0.08484554882310626
Globe,C1NGCCP00,WATER,1,2036,0.07446070098414961
Globe,C1NGCCP00,WATER,1,2037,0.06386210364515969
Globe,C1NGCCP00,WATER,1,2038,0.05364709453140689
Globe,C1NGCCP00,WATER,1,2039,0.044848273849266256
Globe,C1NGCCP00,WATER,1,2040,0.035920591531725124
Globe,C1NGCCP00,WATER,1,2041,0.02629737916871082
Globe,C1NGCCP00,WATER,1,2042,0.020406882220013623
Globe,C1NGCCP00,WATER,1,2043,0.014510732846970775
Globe,C1NGCCP00,WATER,1,2044,0.013056091044245387
Globe,C1NGCCP00,WATER,1,2045,0.011608233045869144
Globe,C1NGCCP00,WATER,1,2046,0.010218889294404504
Globe,C1NGCCP00,WATER,1,2047,0.009416117460206203
Globe,C1NGCCP00,WATER,1,2048,0.009416117460206203
Globe,C1NGCCP00,WATER,1,2049,0.010111122628776078
Globe,C1NGCCP00,WATER,1,2050,0.009416117460206203
Globe,C1NGCCP00,WATER,1,2051,0.009416117460206203
Globe,C1NGCCP00,WATER,1,2052,0.009416117460206203
Globe,C1NGCCP00,WATER,1,2053,0.009540661544922276
Globe,C1NGCCP00,WATER,1,2054,0.009416117460206203
Globe,C1NGCCP00,WATER,1,2055,0.00950177868562126
Globe,C1NGCCP00,WATER,1,2056,0.009599031842957947
Globe,C1NGCCP00,WATER,1,2057,0.009599031842957986
Globe,C1NGCCP00,WATER,1,2058,0.00961502833059713
Globe,C1NGCCP00,WATER,1,2059,0.009615028330597153
Globe,C1NGCCP00,WATER,1,2060,0.009615028330597153
Globe,C1NGCCPCH,WATER,1,2010,0.003438670056476654
Globe,C1NGCCPCH,WATER,1,2011,0.0033115169044766546
Globe,C1NGCCPCH,WATER,1,2012,0.0031875425812766547
Globe,C1NGCCPCH,WATER,1,2013,0.003148667376356562
Globe,C1NGCCPCH,WATER,1,2014,0.0030179821923565615
Globe,C1NGCCPCH,WATER,1,2015,0.002890564137956562
Globe,C1NGCCPCH,WATER,1,2016,0.002759878953956561
Globe,C1NGCCPCH,WATER,1,2017,0.002632460899556562
Globe,C1NGCCPCH,WATER,1,2018,0.002505042845156562
Globe,C1NGCCPCH,WATER,1,2019,0.002374357661156562
Globe,C1NGCCPCH,WATER,1,2020,0.002246939606756562
Globe,C1NGCCPCH,WATER,1,2021,0.0021162544227565617
Globe,C1NGCCPCH,WATER,1,2022,0.0019888363683565613
Globe,C1NGCCPCH,WATER,1,2023,0.0018614183139565614
Globe,C1NGCCPCH,WATER,1,2024,0.001730733129956562
Globe,C1NGCCPCH,WATER,1,2025,0.001603315075556562
Globe,C1NGCCPCH,WATER,1,2026,0.0014726298915565617
Globe,C1NGCCPCH,WATER,1,2027,0.0013452118371565618
Globe,C1NGCCPCH,WATER,1,2028,0.0012145266531565617
Globe,C1NGCCPCH,WATER,1,2029,0.0010871085987565617
Globe,C1NGCCPCH,WATER,1,2030,0.0009596905443565617
Globe,C1NGCCPCH,WATER,1,2031,0.0008290053603565618
Globe,C1NGCCPCH,WATER,1,2032,0.000701587305956562
Globe,C1NGCCPCH,WATER,1,2033,5.147376969857001e-05
Globe,C1NGCCPCH,WATER,1,2034,3.9985482415370005e-05
Globe,C1NGGCP00,WATER,1,2010,0.03236744285568
Globe,C1NGGCP00,WATER,1,2011,0.01611322469018582
Globe,C1NGGCP00,WATER,1,2012,0.009516477444130877
Globe,C1NGGCP00,WATER,1,2013,0.011454730081849444
Globe,C1NGGCP00,WATER,1,2014,0.021236566577758395
Globe,C1NGGCP00,WATER,1,2015,0.021265665780533356
Globe,C1NGGCP00,WATER,1,2016,0.008887528564832364
Globe,C1NGGCP00,WATER,1,2017,0.009561672837691201
Globe,C1NGGCP00,WATER,1,2018,0.009145272395620801
Globe,C1NGGCP00,WATER,1,2019,0.008728871953550401
Globe,C1NGGCP00,WATER,1,2020,0.0083155789774656
Globe,C1NGGCP00,WATER,1,2021,0.0078991785353952
Globe,C1NGGCP00,WATER,1,2022,0.007482778093324801
Globe,C1NGGCP00,WATER,1,2023,0.007066377651254401
Globe,C1NGGCP00,WATER,1,2024,0.0066530846751696
Globe,C1NGGCP00,WATER,1,2025,0.006236684233099201
Globe,C1NGGCP00,WATER,1,2026,0.0058202837910288005
Globe,C1NGGCP00,WATER,1,2027,0.0054038833489584
Globe,C1NGGCP00,WATER,1,2028,0.004987482906888
Globe,C1NGGCP00,WATER,1,2029,0.0045741899308032
Globe,C1NGGCP00,WATER,1,2030,0.0041577894887328
Globe,C1NGGCP00,WATER,1,2031,0.0037413890466624004
Globe,C1NGGCP00,WATER,1,2032,0.0033249886045920007
Globe,C1NGGCP00,WATER,1,2033,0.0029085881625216
Globe,C1NGGCP00,WATER,1,2034,0.0024952951864368003
Globe,C1NGGCP00,WATER,1,2035,0.0020788947443664
Globe,C1NGGCP00,WATER,1,2036,0.0016624943022960003
Globe,C1NGGCP00,WATER,1,2037,0.0012460938602256002
Globe,C1NGGCP00,WATER,1,2038,0.0008328008841408001
Globe,C1NGGCP00,WATER,1,2039,0.0004164004420704001
Globe,C1NGGCPCH,WATER,1,2010,0.005799375792
Globe,C1NGGCPCH,WATER,1,2011,0.008660321712000001
Globe,C1NGGCPCH,WATER,1,2012,0.011524247784
Globe,C1NGGCPCH,WATER,1,2013,0.012861983103736697
Globe,C1NGGCPCH,WATER,1,2014,0.0127361544637367
Globe,C1NGGCPCH,WATER,1,2015,0.012613471539736696
Globe,C1NGGCPCH,WATER,1,2016,0.012487642899736697
Globe,C1NGGCPCH,WATER,1,2017,0.012364959975736696
Globe,C1NGGCPCH,WATER,1,2018,0.012242277051736694
Globe,C1NGGCPCH,WATER,1,2019,0.012116448411736695
Globe,C1NGGCPCH,WATER,1,2020,0.0119937654877367
Globe,C1NGGCPCH,WATER,1,2021,0.012042054669957265
Globe,C1NGGCPCH,WATER,1,2022,0.011919371745957266
Globe,C1NGGCPCH,WATER,1,2023,0.011796688821957264
Globe,C1NGGCPCH,WATER,1,2024,0.011670860181957267
Globe,C1NGGCPCH,WATER,1,2025,0.011548177257957265
Globe,C1NGGCPCH,WATER,1,2026,0.011422348617957266
Globe,C1NGGCPCH,WATER,1,2027,0.011299665693957267
Globe,C1NGGCPCH,WATER,1,2028,0.009439659848962067
Globe,C1NGGCPCH,WATER,1,2029,0.005677211915143414
Globe,C1NGGCPCH,WATER,1,2030,0.00475713742630985
Globe,C1NGGCPCH,WATER,1,2031,0.0009483583052640381
Globe,C1NGGCPCH,WATER,1,2032,0.0009375880359360379
Globe,C1NGGCPCH,WATER,1,2033,0.0009265416058560378
Globe,C1NGGCPCH,WATER,1,2034,0.0009157713365280377
Globe,C1NGGCPCH,WATER,1,2035,0.0006396105845280378
Globe,C1NGGCPCH,WATER,1,2036,0.00036344983252803773
Globe,C1NGGCPCH,WATER,1,2037,8.728908052803778e-05
Globe,C1NGGCPCH,WATER,1,2038,1.528571197178461e-05
Globe,C1NGGCPCH,WATER,1,2039,1.528571197178461e-05
Globe,C1NGGCPCH,WATER,1,2040,1.528571197178461e-05
Globe,C1NGGCPCH,WATER,1,2041,1.528571197178461e-05
Globe,C1NGGCPCH,WATER,1,2042,1.528571197178461e-05
Globe,C1NGGCPCH,WATER,1,2043,1.528571197178461e-05
Globe,C1NGGCPCH,WATER,1,2044,1.528571197178461e-05
Globe,C1NGGCPCH,WATER,1,2045,1.528571197178461e-05
Globe,C1NGGCPCH,WATER,1,2048,8.812782031147621e-05
Globe,C1NGGCPCH,WATER,1,2049,0.00017079248383420278
Globe,C1NGGCPCH,WATER,1,2050,0.0002875656825841761
Globe,C1NGGCPCH,WATER,1,2051,0.0002875656825841761
Globe,C1NGGCPCH,WATER,1,2052,0.0002875656825841761
Globe,C1NGGCPCH,WATER,1,2053,0.0003379562174394716
Globe,C1NGGCPCH,WATER,1,2054,0.0003746965159505047
Globe,C1NGGCPCH,WATER,1,2055,0.0003746965159505047
Globe,C1NGGCPCH,WATER,1,2056,0.0003746965159505047
Globe,C1NGGCPCH,WATER,1,2057,0.0003746965159505047
Globe,C1NGGCPCH,WATER,1,2058,0.0003746965159505047
Globe,C1NGGCPCH,WATER,1,2059,0.0003746965159505047
Globe,C1NGGCPCH,WATER,1,2060,0.0003746965159505047
Globe,C1NGHTF03,WATER,1,2010,0.0293639012352
Globe,C1NGHTF03,WATER,1,2011,0.02810508503039998
Globe,C1NGHTF03,WATER,1,2012,0.026850507263999998
Globe,C1NGHTF03,WATER,1,2013,0.025595929497599996
Globe,C1NGHTF03,WATER,1,2014,0.024337113292799997
Globe,C1NGHTF03,WATER,1,2015,0.0230825355264
Globe,C1NGHTF03,WATER,1,2016,0.021823719321600002
Globe,C1NGHTF03,WATER,1,2017,0.020569141555200003
Globe,C1NGHTF03,WATER,1,2018,0.019314563788799997
Globe,C1NGHTF03,WATER,1,2019,0.01701682724280345
Globe,C1NGHTF03,WATER,1,2020,0.014069614036164704
Globe,C1NGHTF03,WATER,1,2021,0.010534069220400991
Globe,C1NGHTF03,WATER,1,2022,0.007481142236443452
Globe,C1NGHTF03,WATER,1,2023,0.00035254732637876975
Globe,C1NGHTF03,WATER,1,2025,0.0005127378745744324
Globe,C1NGHTF03,WATER,1,2026,0.004238438400000001
Globe,C1NGHTF03,WATER,1,2027,0.002958371841190556
Globe,C1NGHTF03,WATER,1,2050,0.0003502255121823647
Globe,C1NGHTF03,WATER,1,2051,0.0003208044564824048
Globe,C1NGHTF03,WATER,1,2052,0.00019762204161373635
Globe,C1NGHTF03,WATER,1,2053,3.0425841370842925e-05
Globe,C1NGHTF03,WATER,1,2054,3.0425841370842925e-05
Globe,C1NGHTF03,WATER,1,2055,3.0425841370842925e-05
Globe,C1NGHTF03,WATER,1,2056,3.0425841370842925e-05
Globe,C1NGHTF03,WATER,1,2057,3.0425841370842925e-05
Globe,C1NGHTF03,WATER,1,2058,3.0425841370842925e-05
Globe,C1NGHTF03,WATER,1,2059,3.0425841370842925e-05
Globe,C1NGHTF03,WATER,1,2060,3.0425841370842925e-05
Globe,C1NU00I00,WATER,1,2010,0.021133807482166433
Globe,C1NU00I00,WATER,1,2011,0.023380931890802543
Globe,C1NU00I00,WATER,1,2012,0.019923524288531627
Globe,C1NU00I00,WATER,1,2013,0.012431059304684498
Globe,C1NU00I00,WATER,1,2014,0.010022173109551887
Globe,C1NU00I00,WATER,1,2015,0.007158274698270059
Globe,C1NU00I00,WATER,1,2016,0.00207722627263038
Globe,C1NU00I00,WATER,1,2017,0.007800266880222133
Globe,C1NU00I00,WATER,1,2018,0.01580128332020229
Globe,C1NU00I00,WATER,1,2019,0.021952014202944004
Globe,C1NU00I00,WATER,1,2020,0.021383058796070397
Globe,C1NU00I00,WATER,1,2021,0.02082245812328448
Globe,C1NU00I00,WATER,1,2022,0.020256628299828477
Globe,C1NU00I00,WATER,1,2023,0.019692366229324798
Globe,C1NU00I00,WATER,1,2024,0.019136429125447683
Globe,C1NU00I00,WATER,1,2025,0.0185752926383616
Globe,C1NU00I00,WATER,1,2026,0.01801572390422784
Globe,C1NU00I00,WATER,1,2027,0.01746445036925952
Globe,C1NU00I00,WATER,1,2028,0.01690800721854336
Globe,C1NU00I00,WATER,1,2029,0.016353131820779517
Globe,C1NU00I00,WATER,1,2030,0.01999765388622863
Globe,C1NU00I00,WATER,1,2031,0.02630016959186065
Globe,C1NU00I00,WATER,1,2032,0.03260938297624471
Globe,C1NU00I00,WATER,1,2033,0.03891189868187662
Globe,C1NU00I00,WATER,1,2034,0.04521441438750863
Globe,C1NU00I00,WATER,1,2035,0.051523627771892365
Globe,C1NU00I00,WATER,1,2036,0.05782614347752406
Globe,C1NU00I00,WATER,1,2037,0.06412865918315622
Globe,C1NU00I00,WATER,1,2038,0.07043787256754053
Globe,C1NU00I00,WATER,1,2039,0.07550625095559937
Globe,C1NU00I00,WATER,1,2040,0.07966306388196241
Globe,C1NU00I00,WATER,1,2041,0.0839082836395629
Globe,C1NU00I00,WATER,1,2042,0.08811171145352725
Globe,C1NU00I00,WATER,1,2043,0.08758259483211936
Globe,C1NU00I00,WATER,1,2044,0.08904746709843925
Globe,C1NU00I00,WATER,1,2045,0.08851835047703112
Globe,C1NU00I00,WATER,1,2046,0.08798923385562307
Globe,C1NU00I00,WATER,1,2047,0.08746681491296712
Globe,C1NU00I00,WATER,1,2048,0.08693769829155915
Globe,C1NU00I00,WATER,1,2049,0.08640858167015103
Globe,C1NU00I00,WATER,1,2050,0.08588616272749519
Globe,C1NU00I00,WATER,1,2051,0.08588616272749515
Globe,C1NU00I00,WATER,1,2052,0.08588616272749516
Globe,C1NU00I00,WATER,1,2053,0.08588616272749516
Globe,C1NU00I00,WATER,1,2054,0.08588616272749516
Globe,C1NU00I00,WATER,1,2055,0.08588616272749516
Globe,C1NU00I00,WATER,1,2056,0.08588616272749511
Globe,C1NU00I00,WATER,1,2057,0.08588616272749516
Globe,C1NU00I00,WATER,1,2058,0.08588616272749516
Globe,C1NU00I00,WATER,1,2059,0.08588616272749516
Globe,C1NU00I00,WATER,1,2060,0.08748556615663548
Globe,C1NULWP00,WATER,1,2010,0.11741004156759129
Globe,C1NULWP00,WATER,1,2011,0.1300812333021755
Globe,C1NULWP00,WATER,1,2012,0.11100568687293154
Globe,C1NULWP00,WATER,1,2013,0.0693608398904602
Globe,C1NULWP00,WATER,1,2014,0.056001047685629204
Globe,C1NULWP00,WATER,1,2015,0.04005636807808123
Globe,C1NULWP00,WATER,1,2016,0.011640640698904322
Globe,C1NULWP00,WATER,1,2017,0.04377572255938615
Globe,C1NULWP00,WATER,1,2018,0.08880714788565898
Globe,C1NULWP00,WATER,1,2019,0.123555635496
Globe,C1NULWP00,WATER,1,2020,0.12052900132415999
Globe,C1NULWP00,WATER,1,2021,0.11754067897727997
Globe,C1NULWP00,WATER,1,2022,0.11451404480543999
Globe,C1NULWP00,WATER,1,2023,0.11148741063359997
Globe,C1NULWP00,WATER,1,2024,0.10849908828672
Globe,C1NULWP00,WATER,1,2025,0.10547245411487999
Globe,C1NULWP00,WATER,1,2026,0.10244581994304
Globe,C1NULWP00,WATER,1,2027,0.09945749759615999
Globe,C1NULWP00,WATER,1,2028,0.09643086342432002
Globe,C1NULWP00,WATER,1,2029,0.09340422925248
Globe,C1NULWP00,WATER,1,2030,0.11438987202410614
Globe,C1NULWP00,WATER,1,2031,0.15044129931146624
Globe,C1NULWP00,WATER,1,2032,0.18653103842378663
Globe,C1NULWP00,WATER,1,2033,0.22258246571114612
Globe,C1NULWP00,WATER,1,2034,0.25863389299850614
Globe,C1NULWP00,WATER,1,2035,0.29472363211082464
Globe,C1NULWP00,WATER,1,2036,0.33077505939818297
Globe,C1NULWP00,WATER,1,2037,0.36682648668554374
Globe,C1NULWP00,WATER,1,2038,0.4029162257978656
Globe,C1NULWP00,WATER,1,2039,0.43190818447853147
Globe,C1NULWP00,WATER,1,2040,0.4556858386663695
Globe,C1NULWP00,WATER,1,2041,0.4799691944814504
Globe,C1NULWP00,WATER,1,2042,0.5040134934996005
Globe,C1NULWP00,WATER,1,2043,0.5009868593277609
Globe,C1NULWP00,WATER,1,2044,0.5093661698223481
Globe,C1NULWP00,WATER,1,2045,0.5063395356505072
Globe,C1NULWP00,WATER,1,2046,0.5033129014786668
Globe,C1NULWP00,WATER,1,2047,0.5003245791317874
Globe,C1NULWP00,WATER,1,2048,0.49729794495994745
Globe,C1NULWP00,WATER,1,2049,0.4942713107881067
Globe,C1NULWP00,WATER,1,2050,0.4912829884412278
Globe,C1NULWP00,WATER,1,2051,0.4912829884412274
Globe,C1NULWP00,WATER,1,2052,0.49128298844122736
Globe,C1NULWP00,WATER,1,2053,0.4912829884412274
Globe,C1NULWP00,WATER,1,2054,0.4912829884412275
Globe,C1NULWP00,WATER,1,2055,0.4912829884412274
Globe,C1NULWP00,WATER,1,2056,0.4912829884412271
Globe,C1NULWP00,WATER,1,2057,0.4912829884412274
Globe,C1NULWP00,WATER,1,2058,0.4912829884412274
Globe,C1NULWP00,WATER,1,2059,0.4912829884412274
Globe,C1NULWP00,WATER,1,2060,0.5004318393321947
Globe,C1OI00I00,CO2EQ,1,2010,11.878983040000001
Globe,C1OI00I00,CO2EQ,1,2011,11.921572670000003
Globe,C1OI00I00,CO2EQ,1,2012,11.964162300000002
Globe,C1OI00I00,CO2EQ,1,2013,12.006751930000004
Globe,C1OI00I00,CO2EQ,1,2014,12.04933447
Globe,C1OI00I00,CO2EQ,1,2015,12.091924100000002
Globe,C1OI00I00,CO2EQ,1,2016,12.091924100000002
Globe,C1OI00I00,CO2EQ,1,2017,12.091924100000004
Globe,C1OI00I00,CO2EQ,1,2018,12.091924100000004
Globe,C1OI00I00,CO2EQ,1,2019,12.091924100000004
Globe,C1OI00I00,CO2EQ,1,2020,12.0919241
Globe,C1OI00I00,CO2EQ,1,2021,11.8792241
Globe,C1OI00I00,CO2EQ,1,2022,11.666524100000004
Globe,C1OI00I00,CO2EQ,1,2023,11.4538241
Globe,C1OI00I00,CO2EQ,1,2024,11.241124100000004
Globe,C1OI00I00,CO2EQ,1,2025,11.0284241
Globe,C1OI00I00,CO2EQ,1,2026,10.815724100000002
Globe,C1OI00I00,CO2EQ,1,2027,10.603024100000003
Globe,C1OI00I00,CO2EQ,1,2028,10.3903241
Globe,C1OI00I00,CO2EQ,1,2029,10.177624100000003
Globe,C1OI00I00,CO2EQ,1,2030,9.964924100000003
Globe,C1OI00I00,CO2EQ,1,2031,9.752224100000003
Globe,C1OI00I00,CO2EQ,1,2032,9.539524100000001
Globe,C1OI00I00,CO2EQ,1,2033,9.326824100000001
Globe,C1OI00I00,CO2EQ,1,2034,9.114124100000002
Globe,C1OI00I00,CO2EQ,1,2035,8.901424100000002
Globe,C1OI00I00,CO2EQ,1,2036,8.777660017746827
Globe,C1OI00I00,CO2EQ,1,2037,8.797518591434796
Globe,C1OI00I00,CO2EQ,1,2038,8.792377794070967
Globe,C1OI00I00,CO2EQ,1,2039,8.790155414085964
Globe,C1OI00I00,CO2EQ,1,2040,8.811561745189337
Globe,C1OI00I00,CO2EQ,1,2041,8.832686384350465
Globe,C1OI00I00,CO2EQ,1,2042,8.861601364996586
Globe,C1OI00I00,CO2EQ,1,2043,8.897621214669446
Globe,C1OI00I00,CO2EQ,1,2044,9.046361463639274
Globe,C1OI00I00,CO2EQ,1,2045,9.30789088591694
Globe,C1OI00I00,CO2EQ,1,2046,9.588542670484712
Globe,C1OI00I00,CO2EQ,1,2047,9.894573872506422
Globe,C1OI00I00,CO2EQ,1,2048,10.186901795957878
Globe,C1OI00I00,CO2EQ,1,2049,10.506684745192295
Globe,C1OI00I00,CO2EQ,1,2050,10.841396383566494
Globe,C1OI00I00,CO2EQ,1,2051,10.840686543764424
Globe,C1OI00I00,CO2EQ,1,2052,10.839941211972253
Globe,C1OI00I00,CO2EQ,1,2053,10.839158613584225
Globe,C1OI00I00,CO2EQ,1,2054,10.838336885283045
Globe,C1OI00I00,CO2EQ,1,2055,10.837474070565463
Globe,C1OI00I00,CO2EQ,1,2056,10.83718602715184
Globe,C1OI00I00,CO2EQ,1,2057,10.837186027151837
Globe,C1OI00I00,CO2EQ,1,2058,10.837186027151837
Globe,C1OI00I00,CO2EQ,1,2059,10.837186027151837
Globe,C1OI00I00,CO2EQ,1,2060,10.868028338147319
Globe,C1OI00I00,WATER,1,2010,0.03350912
Globe,C1OI00I00,WATER,1,2011,0.03362926
Globe,C1OI00I00,WATER,1,2012,0.0337494
Globe,C1OI00I00,WATER,1,2013,0.033869540000000004
Globe,C1OI00I00,WATER,1,2014,0.03398966
Globe,C1OI00I00,WATER,1,2015,0.0341098
Globe,C1OI00I00,WATER,1,2016,0.0341098
Globe,C1OI00I00,WATER,1,2017,0.03410980000000001
Globe,C1OI00I00,WATER,1,2018,0.0341098
Globe,C1OI00I00,WATER,1,2019,0.0341098
Globe,C1OI00I00,WATER,1,2020,0.0341098
Globe,C1OI00I00,WATER,1,2021,0.0335098
Globe,C1OI00I00,WATER,1,2022,0.0329098
Globe,C1OI00I00,WATER,1,2023,0.0323098
Globe,C1OI00I00,WATER,1,2024,0.0317098
Globe,C1OI00I00,WATER,1,2025,0.0311098
Globe,C1OI00I00,WATER,1,2026,0.030509800000000004
Globe,C1OI00I00,WATER,1,2027,0.029909800000000004
Globe,C1OI00I00,WATER,1,2028,0.029309799999999997
Globe,C1OI00I00,WATER,1,2029,0.028709800000000004
Globe,C1OI00I00,WATER,1,2030,0.028109800000000004
Globe,C1OI00I00,WATER,1,2031,0.0275098
Globe,C1OI00I00,WATER,1,2032,0.026909800000000005
Globe,C1OI00I00,WATER,1,2033,0.0263098
Globe,C1OI00I00,WATER,1,2034,0.025709800000000005
Globe,C1OI00I00,WATER,1,2035,0.0251098
Globe,C1OI00I00,WATER,1,2036,0.024760677059934632
Globe,C1OI00I00,WATER,1,2037,0.024816695603483204
Globe,C1OI00I00,WATER,1,2038,0.02480219405943855
Globe,C1OI00I00,WATER,1,2039,0.0247959250044738
Globe,C1OI00I00,WATER,1,2040,0.024856309577402924
Globe,C1OI00I00,WATER,1,2041,0.02491589953272345
Globe,C1OI00I00,WATER,1,2042,0.02499746506346004
Globe,C1OI00I00,WATER,1,2043,0.02509907253785457
Globe,C1OI00I00,WATER,1,2044,0.025518650108996538
Globe,C1OI00I00,WATER,1,2045,0.026256391779737483
Globe,C1OI00I00,WATER,1,2046,0.027048075234089454
Globe,C1OI00I00,WATER,1,2047,0.027911350839228268
Globe,C1OI00I00,WATER,1,2048,0.02873597121567807
Globe,C1OI00I00,WATER,1,2049,0.02963803877346205
Globe,C1OI00I00,WATER,1,2050,0.0305822182893272
Globe,C1OI00I00,WATER,1,2051,0.030580215920350987
Globe,C1OI00I00,WATER,1,2052,0.03057811343292596
Globe,C1OI00I00,WATER,1,2053,0.030575905821112054
Globe,C1OI00I00,WATER,1,2054,0.030573587828725088
Globe,C1OI00I00,WATER,1,2055,0.030571153936714984
Globe,C1OI00I00,WATER,1,2056,0.030570341402402928
Globe,C1OI00I00,WATER,1,2057,0.03057034140240292
Globe,C1OI00I00,WATER,1,2058,0.030570341402402928
Globe,C1OI00I00,WATER,1,2059,0.030570341402402928
Globe,C1OI00I00,WATER,1,2060,0.030657343690119365
Globe,C1OIHTF03,WATER,1,2010,0.021781334937599997
Globe,C1OIHTF03,WATER,1,2011,0.024221148768970652
Globe,C1OIHTF03,WATER,1,2012,0.023301407636170654
Globe,C1OIHTF03,WATER,1,2013,0.022381666503370652
Globe,C1OIHTF03,WATER,1,2014,0.02171737116118714
Globe,C1OIHTF03,WATER,1,2015,0.020797630028387134
Globe,C1OIHTF03,WATER,1,2016,0.019882127333987136
Globe,C1OIHTF03,WATER,1,2017,0.018962386201187134
Globe,C1OIHTF03,WATER,1,2018,0.01804264506838714
Globe,C1OIHTF03,WATER,1,2019,0.01712290393558711
Globe,C1OIHTF03,WATER,1,2020,0.016203162802787135
Globe,C1OIHTF03,WATER,1,2021,0.015283421669987139
Globe,C1OIHTF03,WATER,1,2022,0.01436368053718713
Globe,C1OIHTF03,WATER,1,2023,0.013443939404387137
Globe,C1OIHTF03,WATER,1,2024,0.009293507241887366
Globe,C1OIHTF03,WATER,1,2025,0.0023565198081322365
Globe,C1OIHTF03,WATER,1,2026,0.007005751474787136
Globe,C1SOC1P00,WATER,1,2010,2.5544159999999997e-06
Globe,C1SOC1P00,WATER,1,2011,2.5544159999999997e-06
Globe,C1SOC1P00,WATER,1,2012,2.12868e-06
Globe,C1SOC1P00,WATER,1,2013,2.12868e-06
Globe,C1SOC1P00,WATER,1,2014,2.12868e-06
Globe,C1SOC1P00,WATER,1,2015,2.12868e-06
Globe,C1SOC1P00,WATER,1,2016,1.702944e-06
Globe,C1SOC1P00,WATER,1,2017,1.702944e-06
Globe,C1SOC1P00,WATER,1,2018,1.702944e-06
Globe,C1SOC1P00,WATER,1,2019,1.702944e-06
Globe,C1SOC1P00,WATER,1,2020,1.702944e-06
Globe,C1SOC1P00,WATER,1,2021,1.2772079999999998e-06
Globe,C1SOC1P00,WATER,1,2022,1.2772079999999998e-06
Globe,C1SOC1P00,WATER,1,2023,1.2772079999999998e-06
Globe,C1SOC1P00,WATER,1,2024,1.2772079999999998e-06
Globe,C1SOC1P00,WATER,1,2025,8.51472e-07
Globe,C1SOC1P00,WATER,1,2026,8.51472e-07
Globe,C1SOC1P00,WATER,1,2027,8.51472e-07
Globe,C1SOC1P00,WATER,1,2028,8.51472e-07
Globe,C1SOC1P00,WATER,1,2029,4.25736e-07
Globe,C1SOC1P00,WATER,1,2030,4.25736e-07
Globe,C1SOC1P00,WATER,1,2031,4.25736e-07
Globe,C1SOC1P00,WATER,1,2032,0.0001531412696818482
Globe,C1SOC1P00,WATER,1,2033,0.00045073073368184823
Globe,C1SOC1P00,WATER,1,2034,0.000748745933681853
Globe,C1SOC1P00,WATER,1,2035,0.0009791928000000042
Globe,C1SOC1P00,WATER,1,2036,0.0011103194880000195
Globe,C1SOC1P00,WATER,1,2037,0.0012418719120000105
Globe,C1SOC1P00,WATER,1,2038,0.0013729985999999946
Globe,C1SOC1P00,WATER,1,2039,0.0015045510240000064
Globe,C1SOC1P00,WATER,1,2040,0.001635677712000006
Globe,C1SOC1P00,WATER,1,2041,0.0017978831279999992
Globe,C1SOC1P00,WATER,1,2042,0.0019600885439999965
Globe,C1SOC1P00,WATER,1,2043,0.002121868224
Globe,C1SOC1P00,WATER,1,2044,0.002284073639999991
Globe,C1SOC1P00,WATER,1,2045,0.002446279055999999
Globe,C1SOC1P00,WATER,1,2046,0.0026885228399999993
Globe,C1SOC1P00,WATER,1,2047,0.0029307666239999993
Globe,C1SOC1P00,WATER,1,2048,0.003172584672
Globe,C1SOC1P00,WATER,1,2049,0.003414828456
Globe,C1SOC1P00,WATER,1,2050,0.0036570722400000003
Globe,C1SOC1P00,WATER,1,2051,0.0036570722400000003
Globe,C1SOC1P00,WATER,1,2052,0.003657072239999994
Globe,C1SOC1P00,WATER,1,2053,0.003657072239999991
Globe,C1SOC1P00,WATER,1,2054,0.0036570722399999847
Globe,C1SOC1P00,WATER,1,2055,0.0036570722400000003
Globe,C1SOC1P00,WATER,1,2056,0.0036570722400000003
Globe,C1SOC1P00,WATER,1,2057,0.0036570722400000003
Globe,C1SOC1P00,WATER,1,2058,0.0036570722400000003
Globe,C1SOC1P00,WATER,1,2059,0.003657072239999998
Globe,C1SOC1P00,WATER,1,2060,0.0036570722400000003
Globe,C1SOV2P00,WATER,1,2010,9.5865403392e-06
Globe,C1SOV2P00,WATER,1,2011,1.67764455936e-05
Globe,C1SOV2P00,WATER,1,2012,2.3966350848e-05
Globe,C1SOV2P00,WATER,1,2013,2.360685558528e-05
Globe,C1SOV2P00,WATER,1,2014,2.318744444544e-05
Globe,C1SOV2P00,WATER,1,2015,2.282794918272e-05
Globe,C1SOV2P00,WATER,1,2016,2.240853804288e-05
Globe,C1SOV2P00,WATER,1,2017,2.2049042780159998e-05
Globe,C1SOV2P00,WATER,1,2018,2.168954751744e-05
Globe,C1SOV2P00,WATER,1,2019,2.12701363776e-05
Globe,C1SOV2P00,WATER,1,2020,2.2020338523744e-05
Globe,C1SOV2P00,WATER,1,2021,2.1578669842751998e-05
Globe,C1SOV2P00,WATER,1,2022,2.1200096687616e-05
Globe,C1SOV2P00,WATER,1,2023,2.082152353248e-05
Globe,C1SOV2P00,WATER,1,2024,2.0379854851487997e-05
Globe,C1SOV2P00,WATER,1,2025,2.0001281696352e-05
Globe,C1SOV2P00,WATER,1,2026,1.955961301536e-05
Globe,C1SOV2P00,WATER,1,2027,1.9181039860224e-05
Globe,C1SOV2P00,WATER,1,2028,1.8802466705088e-05
Globe,C1SOV2P00,WATER,1,2029,1.8360798024096e-05
Globe,C1SOV2P00,WATER,1,2030,1.798222486896e-05
Globe,C1SOV2P00,WATER,1,2031,6.290623927843193e-05
Globe,C1SOV2P00,WATER,1,2032,0.00011300408680809593
Globe,C1SOV2P00,WATER,1,2033,0.0001631019343377599
Globe,C1SOV2P00,WATER,1,2034,0.0002131366863415679
Globe,C1SOV2P00,WATER,1,2035,0.0002472713658296639
Globe,C1SOV2P00,WATER,1,2036,0.0002977477865144639
Globe,C1SOV2P00,WATER,1,2037,0.000348224207199264
Globe,C1SOV2P00,WATER,1,2038,0.000383052937471776
Globe,C1SOV2P00,WATER,1,2039,0.0004130233122533761
Globe,C1SOV2P00,WATER,1,2040,0.0004750724113836192
Globe,C1SOV2P00,WATER,1,2041,0.0005226055208808913
Globe,C1SOV2P00,WATER,1,2042,0.0005743422387010515
Globe,C1SOV2P00,WATER,1,2043,0.0006260789565212115
Globe,C1SOV2P00,WATER,1,2044,0.0006778156743413715
Globe,C1SOV2P00,WATER,1,2045,0.0007295523921615314
Globe,C1SOV2P00,WATER,1,2046,0.0007812891099816915
Globe,C1SOV2P00,WATER,1,2047,0.0008330258278018514
Globe,C1SOV2P00,WATER,1,2048,0.0008847625456220114
Globe,C1SOV2P00,WATER,1,2049,0.0009364992634421712
Globe,C1SOV2P00,WATER,1,2050,0.0010120883764085137
Globe,C1SOV2P00,WATER,1,2051,0.0010120883764085137
Globe,C1SOV2P00,WATER,1,2052,0.0010171493749158767
Globe,C1SOV2P00,WATER,1,2053,0.0010653331106367323
Globe,C1SOV2P00,WATER,1,2054,0.0011076072117253589
Globe,C1SOV2P00,WATER,1,2055,0.0011354890840270975
Globe,C1SOV2P00,WATER,1,2056,0.0011408538611024912
Globe,C1SOV2P00,WATER,1,2057,0.0011408538611024912
Globe,C1SOV2P00,WATER,1,2058,0.0011408538611024912
Globe,C1SOV2P00,WATER,1,2059,0.0011408538611024912
Globe,C1SOV2P00,WATER,1,2060,0.0011408538611024912
Globe,CEMPLANT,CO2EQ,1,2010,1.10065092384
Globe,CEMPLANT,CO2EQ,1,2011,1.110318684251239
Globe,CEMPLANT,CO2EQ,1,2012,1.1199878597010997
Globe,CEMPLANT,CO2EQ,1,2013,1.1296575491840604
Globe,CEMPLANT,CO2EQ,1,2014,1.1382310045112574
Globe,CEMPLANT,CO2EQ,1,2015,1.1478996026443204
Globe,CEMPLANT,CO2EQ,1,2016,1.157569548945002
Globe,CEMPLANT,CO2EQ,1,2017,1.1672400150107427
Globe,CEMPLANT,CO2EQ,1,2018,1.1769118413324544
Globe,CEMPLANT,CO2EQ,1,2019,1.1865841141159985
Globe,CEMPLANT,CO2EQ,1,2020,1.1962577199740545
Globe,CEMPLANT,CO2EQ,1,2021,1.204814102586287
Globe,CEMPLANT,CO2EQ,1,2022,1.2144866937592929
Globe,CEMPLANT,CO2EQ,1,2023,1.224159699643533
Globe,CEMPLANT,CO2EQ,1,2024,1.233834016272537
Globe,CEMPLANT,CO2EQ,1,2025,1.2435087177946456
Globe,CEMPLANT,CO2EQ,1,2026,1.2531846648559481
Globe,CEMPLANT,CO2EQ,1,2027,1.2617278409637394
Globe,CEMPLANT,CO2EQ,1,2028,1.271402420041396
Globe,CEMPLANT,CO2EQ,1,2029,1.2810778146531057
Globe,CEMPLANT,CO2EQ,1,2030,1.290754475127421
Globe,CEMPLANT,CO2EQ,1,2031,1.3004319282688828
Globe,CEMPLANT,CO2EQ,1,2032,1.310109696816719
Globe,CEMPLANT,CO2EQ,1,2033,1.3197882318597127
Globe,CEMPLANT,CO2EQ,1,2034,1.328316934423949
Globe,CEMPLANT,CO2EQ,1,2035,1.337994539185661
Globe,CEMPLANT,CO2EQ,1,2036,1.3476734095622311
Globe,CEMPLANT,CO2EQ,1,2037,1.3573525570009009
Globe,CEMPLANT,CO2EQ,1,2038,1.36703290911383
Globe,CEMPLANT,CO2EQ,1,2039,1.3767135142916391
Globe,CEMPLANT,CO2EQ,1,2040,1.3863953045942805
Globe,CEMPLANT,CO2EQ,1,2041,1.394910036125245
Globe,CEMPLANT,CO2EQ,1,2042,1.4045909935977112
Globe,CEMPLANT,CO2EQ,1,2043,1.4142721807518575
Globe,CEMPLANT,CO2EQ,1,2044,1.4239545371530868
Globe,CEMPLANT,CO2EQ,1,2045,1.4336371011758253
Globe,CEMPLANT,CO2EQ,1,2046,1.4433207759826507
Globe,CEMPLANT,CO2EQ,1,2047,1.4518243327412548
Globe,CEMPLANT,CO2EQ,1,2048,1.4615072644270068
Globe,CEMPLANT,CO2EQ,1,2049,1.4711903821506267
Globe,CEMPLANT,CO2EQ,1,2050,1.480874636705873
Globe,CEMPLANT,CO2EQ,1,2051,1.480874636705873
Globe,CEMPLANT,CO2EQ,1,2052,1.480874636705873
Globe,CEMPLANT,CO2EQ,1,2053,1.480874636705873
Globe,CEMPLANT,CO2EQ,1,2054,1.480874636705873
Globe,CEMPLANT,CO2EQ,1,2055,1.480874636705873
Globe,CEMPLANT,CO2EQ,1,2056,1.4808746367058732
Globe,CEMPLANT,CO2EQ,1,2057,1.480874636705873
Globe,CEMPLANT,CO2EQ,1,2058,1.4808746367058732
Globe,CEMPLANT,CO2EQ,1,2059,1.4808746367058732
Globe,CEMPLANT,CO2EQ,1,2060,1.480874636705873
Globe,CEMPLANT,WATER,1,2010,0.018018545695999998
Globe,CEMPLANT,WATER,1,2011,0.018178747085289895
Globe,CEMPLANT,WATER,1,2012,0.018338982498029704
Globe,CEMPLANT,WATER,1,2013,0.01849923699729711
Globe,CEMPLANT,WATER,1,2014,0.018659524664118972
Globe,CEMPLANT,WATER,1,2015,0.018819830493976872
Globe,CEMPLANT,WATER,1,2016,0.01898016800939374
Globe,CEMPLANT,WATER,1,2017,0.01914052346889654
Globe,CEMPLANT,WATER,1,2018,0.019300910498760326
Globe,CEMPLANT,WATER,1,2019,0.0194613139616026
Globe,CEMPLANT,WATER,1,2020,0.019621748249341434
Globe,CEMPLANT,WATER,1,2021,0.019782198159348126
Globe,CEMPLANT,WATER,1,2022,0.019942678181656282
Globe,CEMPLANT,WATER,1,2023,0.02021548127851706
Globe,CEMPLANT,WATER,1,2024,0.020376273443916897
Globe,CEMPLANT,WATER,1,2025,0.02053707682746148
Globe,CEMPLANT,WATER,1,2026,0.0206979055657616
Globe,CEMPLANT,WATER,1,2027,0.02085875316597736
Globe,CEMPLANT,WATER,1,2028,0.02113323057441463
Globe,CEMPLANT,WATER,1,2029,0.02129436011912273
Globe,CEMPLANT,WATER,1,2030,0.021569637117513925
Globe,CEMPLANT,WATER,1,2031,0.021731052451283
Globe,CEMPLANT,WATER,1,2032,0.02189247174908078
Globe,CEMPLANT,WATER,1,2033,0.021939038493055275
Globe,CEMPLANT,WATER,1,2034,0.022100247089202614
Globe,CEMPLANT,WATER,1,2035,0.022261460867485563
Globe,CEMPLANT,WATER,1,2036,0.02230711561282252
Globe,CEMPLANT,WATER,1,2037,0.022468122530560984
Globe,CEMPLANT,WATER,1,2038,0.022629152570220447
Globe,CEMPLANT,WATER,1,2039,0.022673913453282908
Globe,CEMPLANT,WATER,1,2040,0.02283474619331756
Globe,CEMPLANT,WATER,1,2041,0.022995588043236256
Globe,CEMPLANT,WATER,1,2042,0.02303950255942957
Globe,CEMPLANT,WATER,1,2043,0.02320015673478606
Globe,CEMPLANT,WATER,1,2044,0.023360837006880818
Globe,CEMPLANT,WATER,1,2045,0.023403919863329715
Globe,CEMPLANT,WATER,1,2046,0.023564420832369808
Globe,CEMPLANT,WATER,1,2047,0.02372493421796685
Globe,CEMPLANT,WATER,1,2048,0.023885474709891212
Globe,CEMPLANT,WATER,1,2049,0.023927573043029515
Globe,CEMPLANT,WATER,1,2050,0.024206604638461388
Globe,CEMPLANT,WATER,1,2051,0.024206604638461388
Globe,CEMPLANT,WATER,1,2052,0.024206604638461388
Globe,CEMPLANT,WATER,1,2053,0.024206604638461388
Globe,CEMPLANT,WATER,1,2054,0.024206604638461388
Globe,CEMPLANT,WATER,1,2055,0.024206604638461388
Globe,CEMPLANT,WATER,1,2056,0.02420660463846139
Globe,CEMPLANT,WATER,1,2057,0.024206604638461388
Globe,CEMPLANT,WATER,1,2058,0.02420660463846139
Globe,CEMPLANT,WATER,1,2059,0.02420660463846139
Globe,CEMPLANT,WATER,1,2060,0.024206604638461388
Globe,LA1_PROD,CO2EQ,1,2010,1.4794700216707573
Globe,LA1_PROD,CO2EQ,1,2011,1.502672754357726
Globe,LA1_PROD,CO2EQ,1,2012,1.525994475417448
Globe,LA1_PROD,CO2EQ,1,2013,1.5494946790362998
Globe,LA1_PROD,CO2EQ,1,2014,1.573113871027908
Globe,LA1_PROD,CO2EQ,1,2015,1.6004998281238025
Globe,LA1_PROD,CO2EQ,1,2016,1.6295688391045116
Globe,LA1_PROD,CO2EQ,1,2017,1.6588163326443506
Globe,LA1_PROD,CO2EQ,1,2018,1.6881828145569433
Globe,LA1_PROD,CO2EQ,1,2019,1.7177277790286671
Globe,LA1_PROD,CO2EQ,1,2020,1.747391731873145
Globe,LA1_PROD,CO2EQ,1,2021,1.7448282291094361
Globe,LA1_PROD,CO2EQ,1,2022,1.7410457690186467
Globe,LA1_PROD,CO2EQ,1,2023,1.7361023921071759
Globe,LA1_PROD,CO2EQ,1,2024,1.729815114676314
Globe,LA1_PROD,CO2EQ,1,2025,1.7222357302584421
Globe,LA1_PROD,CO2EQ,1,2026,1.7130810165312913
Globe,LA1_PROD,CO2EQ,1,2027,1.702489558277948
Globe,LA1_PROD,CO2EQ,1,2028,1.6902645808121317
Globe,LA1_PROD,CO2EQ,1,2029,1.6764433962675804
Globe,LA1_PROD,CO2EQ,1,2030,1.6608212565586207
Globe,LA1_PROD,CO2EQ,1,2031,1.6368130547408462
Globe,LA1_PROD,CO2EQ,1,2032,1.6107256208394907
Globe,LA1_PROD,CO2EQ,1,2033,1.5826470353540956
Globe,LA1_PROD,CO2EQ,1,2034,1.5523451926290346
Globe,LA1_PROD,CO2EQ,1,2035,1.5197448241801284
Globe,LA1_PROD,CO2EQ,1,2036,1.4847310036085017
Globe,LA1_PROD,CO2EQ,1,2037,1.4471830582483647
Globe,LA1_PROD,CO2EQ,1,2038,1.4068806028378467
Globe,LA1_PROD,CO2EQ,1,2039,1.3639374482042972
Globe,LA1_PROD,CO2EQ,1,2040,1.317967048347378
Globe,LA1_PROD,CO2EQ,1,2041,1.265285941067721
Globe,LA1_PROD,CO2EQ,1,2042,1.209370577427454
Globe,LA1_PROD,CO2EQ,1,2043,1.1501187392589103
Globe,LA1_PROD,CO2EQ,1,2044,1.0873011320840362
Globe,LA1_PROD,CO2EQ,1,2045,1.0207394686456213
Globe,LA1_PROD,CO2EQ,1,2046,0.9502465452025167
Globe,LA1_PROD,CO2EQ,1,2047,0.8756852955922136
Globe,LA1_PROD,CO2EQ,1,2048,0.7966366581870756
Globe,LA1_PROD,CO2EQ,1,2049,0.713190270201626
Globe,LA1_PROD,CO2EQ,1,2050,0.6249654117388029
Globe,LA1_PROD,CO2EQ,1,2051,0.5196001456004672
Globe,LA1_PROD,CO2EQ,1,2052,0.4089666161552156
Globe,LA1_PROD,CO2EQ,1,2053,0.2928014093097289
Globe,LA1_PROD,CO2EQ,1,2054,0.17082794304993987
Globe,LA1_PROD,CO2EQ,1,2055,0.04275580327831063
Globe,LA1_i_PROD,CO2EQ,1,2010,0.3678
Globe,LA1_i_PROD,CO2EQ,1,2011,0.3678
Globe,LA1_i_PROD,CO2EQ,1,2012,0.3678
Globe,LA1_i_PROD,CO2EQ,1,2013,0.3678
Globe,LA1_i_PROD,CO2EQ,1,2014,0.3678
Globe,LA1_i_PROD,CO2EQ,1,2015,0.3678
Globe,LA1_i_PROD,CO2EQ,1,2016,0.3678
Globe,LA1_i_PROD,CO2EQ,1,2017,0.36780000000000007
Globe,LA1_i_PROD,CO2EQ,1,2018,0.3678
Globe,LA1_i_PROD,CO2EQ,1,2019,0.3678
Globe,LA1_i_PROD,CO2EQ,1,2020,0.3678
Globe,LA1_i_PROD,CO2EQ,1,2021,0.38619
Globe,LA1_i_PROD,CO2EQ,1,2022,0.4054995
Globe,LA1_i_PROD,CO2EQ,1,2023,0.4257744749999999
Globe,LA1_i_PROD,CO2EQ,1,2024,0.44706319880000006
Globe,LA1_i_PROD,CO2EQ,1,2025,0.4694163587
Globe,LA1_i_PROD,CO2EQ,1,2026,0.4928871765999999
Globe,LA1_i_PROD,CO2EQ,1,2027,0.5175315355
Globe,LA1_i_PROD,CO2EQ,1,2028,0.5434081122000001
Globe,LA1_i_PROD,CO2EQ,1,2029,0.5705785178
Globe,LA1_i_PROD,CO2EQ,1,2030,0.5991074437
Globe,LA1_i_PROD,CO2EQ,1,2031,0.6290628159
Globe,LA1_i_PROD,CO2EQ,1,2032,0.6605159567
Globe,LA1_i_PROD,CO2EQ,1,2033,0.6935417545
Globe,LA1_i_PROD,CO2EQ,1,2034,0.7282188422999999
Globe,LA1_i_PROD,CO2EQ,1,2035,0.7646297843999998
Globe,LA1_i_PROD,CO2EQ,1,2036,0.8028612736000001
Globe,LA1_i_PROD,CO2EQ,1,2037,0.8430043372999999
Globe,LA1_i_PROD,CO2EQ,1,2038,0.8851545542000001
Globe,LA1_i_PROD,CO2EQ,1,2039,0.9294122819
Globe,LA1_i_PROD,CO2EQ,1,2040,0.9758828959999998
Globe,LA1_i_PROD,CO2EQ,1,2041,1.024677041
Globe,LA1_i_PROD,CO2EQ,1,2042,1.0759108929999996
Globe,LA1_i_PROD,CO2EQ,1,2043,1.1297064369999998
Globe,LA1_i_PROD,CO2EQ,1,2044,1.1861917590000002
Globe,LA1_i_PROD,CO2EQ,1,2045,1.2455013469999998
Globe,LA1_i_PROD,CO2EQ,1,2046,1.3077764150000002
Globe,LA1_i_PROD,CO2EQ,1,2047,1.3731652349999997
Globe,LA1_i_PROD,CO2EQ,1,2048,1.4418234970000001
Globe,LA1_i_PROD,CO2EQ,1,2049,1.513914672
Globe,LA1_i_PROD,CO2EQ,1,2050,1.5896104059999998
Globe,LA1_i_PROD,CO2EQ,1,2051,1.669090926
Globe,LA1_i_PROD,CO2EQ,1,2052,1.7525454720000002
Globe,LA1_i_PROD,CO2EQ,1,2053,1.840172746
Globe,LA1_i_PROD,CO2EQ,1,2054,1.9321813829999996
Globe,LA1_i_PROD,CO2EQ,1,2055,2.028790452
Globe,LA1_i_PROD,CO2EQ,1,2056,2.0610425745649086
Globe,LA1_i_PROD,CO2EQ,1,2057,2.0610425745649086
Globe,LA1_i_PROD,CO2EQ,1,2058,2.0610425745649086
Globe,LA1_i_PROD,CO2EQ,1,2059,2.0610425745649086
Globe,LA1_i_PROD,CO2EQ,1,2060,2.0610425745649086
Globe,LA1_i_PROD,WATER,1,2010,14.8668438
Globe,LA1_i_PROD,WATER,1,2011,14.8668438
Globe,LA1_i_PROD,WATER,1,2012,14.8668438
Globe,LA1_i_PROD,WATER,1,2013,14.8668438
Globe,LA1_i_PROD,WATER,1,2014,14.8668438
Globe,LA1_i_PROD,WATER,1,2015,14.8668438
Globe,LA1_i_PROD,WATER,1,2016,14.8668438
Globe,LA1_i_PROD,WATER,1,2017,14.866843800000003
Globe,LA1_i_PROD,WATER,1,2018,14.866843800000002
Globe,LA1_i_PROD,WATER,1,2019,14.8668438
Globe,LA1_i_PROD,WATER,1,2020,14.8668438
Globe,LA1_i_PROD,WATER,1,2021,15.610185989999998
Globe,LA1_i_PROD,WATER,1,2022,16.3906952895
Globe,LA1_i_PROD,WATER,1,2023,17.210230053974996
Globe,LA1_i_PROD,WATER,1,2024,18.070741558694802
Globe,LA1_i_PROD,WATER,1,2025,18.9742786350127
Globe,LA1_i_PROD,WATER,1,2026,19.922992565348597
Globe,LA1_i_PROD,WATER,1,2027,20.9191421964455
Globe,LA1_i_PROD,WATER,1,2028,21.9650993032362
Globe,LA1_i_PROD,WATER,1,2029,23.0633542679938
Globe,LA1_i_PROD,WATER,1,2030,24.2165219817977
Globe,LA1_i_PROD,WATER,1,2031,25.4273480814939
Globe,LA1_i_PROD,WATER,1,2032,26.6987154857707
Globe,LA1_i_PROD,WATER,1,2033,28.033651258644497
Globe,LA1_i_PROD,WATER,1,2034,29.435333824608296
Globe,LA1_i_PROD,WATER,1,2035,30.907100515232393
Globe,LA1_i_PROD,WATER,1,2036,32.4524555401856
Globe,LA1_i_PROD,WATER,1,2037,34.0750783180033
Globe,LA1_i_PROD,WATER,1,2038,35.778832235318205
Globe,LA1_i_PROD,WATER,1,2039,37.5677738466799
Globe,LA1_i_PROD,WATER,1,2040,39.44616253921599
Globe,LA1_i_PROD,WATER,1,2041,41.418470674261
Globe,LA1_i_PROD,WATER,1,2042,43.48939420595298
Globe,LA1_i_PROD,WATER,1,2043,45.663863889976994
Globe,LA1_i_PROD,WATER,1,2044,47.947057090539005
Globe,LA1_i_PROD,WATER,1,2045,50.344409947086994
Globe,LA1_i_PROD,WATER,1,2046,52.861630470715
Globe,LA1_i_PROD,WATER,1,2047,55.50471196393499
Globe,LA1_i_PROD,WATER,1,2048,58.279947572237006
Globe,LA1_i_PROD,WATER,1,2049,61.193944956912
Globe,LA1_i_PROD,WATER,1,2050,64.253642220926
Globe,LA1_i_PROD,WATER,1,2051,67.466324319846
Globe,LA1_i_PROD,WATER,1,2052,70.839640523712
Globe,LA1_i_PROD,WATER,1,2053,74.381622566066
Globe,LA1_i_PROD,WATER,1,2054,78.100703682243
Globe,LA1_i_PROD,WATER,1,2055,82.00573886029198
Globe,LA1_i_PROD,WATER,1,2056,83.30940190648816
Globe,LA1_i_PROD,WATER,1,2057,83.30940190648818
Globe,LA1_i_PROD,WATER,1,2058,83.30940190648818
Globe,LA1_i_PROD,WATER,1,2059,83.30940190648818
Globe,LA1_i_PROD,WATER,1,2060,83.30940190648818
Globe,LA2_PROD,CO2EQ,1,2010,3.424
Globe,LA2_PROD,CO2EQ,1,2011,3.424
Globe,LA2_PROD,CO2EQ,1,2012,3.424
Globe,LA2_PROD,CO2EQ,1,2013,3.424
Globe,LA2_PROD,CO2EQ,1,2014,3.424
Globe,LA2_PROD,CO2EQ,1,2015,3.4504117851757328
Globe,LA2_PROD,CO2EQ,1,2016,3.4883359754604393
Globe,LA2_PROD,CO2EQ,1,2017,3.526260165745144
Globe,LA2_PROD,CO2EQ,1,2018,3.5641843560298483
Globe,LA2_PROD,CO2EQ,1,2019,3.602108546314554
Globe,LA2_PROD,CO2EQ,1,2020,3.64003273659926
Globe,LA2_PROD,CO2EQ,1,2021,3.6648558429674303
Globe,LA2_PROD,CO2EQ,1,2022,3.6896789493356015
Globe,LA2_PROD,CO2EQ,1,2023,3.714502055703772
Globe,LA2_PROD,CO2EQ,1,2024,3.739325162071942
Globe,LA2_PROD,CO2EQ,1,2025,3.764148268440113
Globe,LA2_PROD,CO2EQ,1,2026,3.788281844075835
Globe,LA2_PROD,CO2EQ,1,2027,3.8124154197115567
Globe,LA2_PROD,CO2EQ,1,2028,3.836548995347279
Globe,LA2_PROD,CO2EQ,1,2029,3.8606825709829993
Globe,LA2_PROD,CO2EQ,1,2030,3.884816146618722
Globe,LA2_PROD,CO2EQ,1,2031,3.9027439456624
Globe,LA2_PROD,CO2EQ,1,2032,3.919982213973629
Globe,LA2_PROD,CO2EQ,1,2033,3.9379100130173086
Globe,LA2_PROD,CO2EQ,1,2034,3.9551482813285386
Globe,LA2_PROD,CO2EQ,1,2035,3.972386549639769
Globe,LA2_PROD,CO2EQ,1,2036,3.9896248179509985
Globe,LA2_PROD,CO2EQ,1,2037,4.006863086262228
Globe,LA2_PROD,CO2EQ,1,2038,4.023411823841008
Globe,LA2_PROD,CO2EQ,1,2039,4.040650092152237
Globe,LA2_PROD,CO2EQ,1,2040,4.057198829731019
Globe,LA2_PROD,CO2EQ,1,2041,4.068920852182654
Globe,LA2_PROD,CO2EQ,1,2042,4.08064287463429
Globe,LA2_PROD,CO2EQ,1,2043,4.092364897085927
Globe,LA2_PROD,CO2EQ,1,2044,4.104086919537563
Globe,LA2_PROD,CO2EQ,1,2045,4.115808941989199
Globe,LA2_PROD,CO2EQ,1,2046,4.127530964440835
Globe,LA2_PROD,CO2EQ,1,2047,4.139252986892473
Globe,LA2_PROD,CO2EQ,1,2048,4.150285478611658
Globe,LA2_PROD,CO2EQ,1,2049,4.162007501063295
Globe,LA2_PROD,CO2EQ,1,2050,4.173729523514931
Globe,LA2_PROD,CO2EQ,1,2051,4.173729523514931
Globe,LA2_PROD,CO2EQ,1,2052,4.173729523514931
Globe,LA2_PROD,CO2EQ,1,2053,4.173729523514931
Globe,LA2_PROD,CO2EQ,1,2054,4.173729523514931
Globe,LA2_PROD,CO2EQ,1,2055,4.173729523514931
Globe,LA2_PROD,CO2EQ,1,2056,4.173729523514931
Globe,LA2_PROD,CO2EQ,1,2057,4.173729523514931
Globe,LA2_PROD,CO2EQ,1,2058,4.173729523514931
Globe,LA2_PROD,CO2EQ,1,2059,4.173729523514931
Globe,LA2_PROD,CO2EQ,1,2060,4.173729523514931
Globe,LF1,CO2EQ,1,2010,-0.6630368700000001
Globe,LF1,CO2EQ,1,2011,-0.66303687
Globe,LF1,CO2EQ,1,2012,-0.6630368700000001
Globe,LF1,CO2EQ,1,2013,-0.6630368699999999
Globe,LF1,CO2EQ,1,2014,-0.66303687
Globe,LF1,CO2EQ,1,2015,-0.66303687
Globe,LF1,CO2EQ,1,2016,-0.66303687
Globe,LF1,CO2EQ,1,2017,-0.6630368700000001
Globe,LF1,CO2EQ,1,2018,-0.66303687
Globe,LF1,CO2EQ,1,2019,-0.66303687
Globe,LF1,CO2EQ,1,2020,-0.66303687
Globe,LF1,CO2EQ,1,2021,-0.66303687
Globe,LF1,CO2EQ,1,2022,-0.66303687
Globe,LF1,CO2EQ,1,2023,-0.6630368699999999
Globe,LF1,CO2EQ,1,2024,-0.66303687
Globe,LF1,CO2EQ,1,2025,-0.6630368700000001
Globe,LF1,CO2EQ,1,2026,-0.6630368700000001
Globe,LF1,CO2EQ,1,2027,-0.66303687
Globe,LF1,CO2EQ,1,2028,-0.6630368700000001
Globe,LF1,CO2EQ,1,2029,-0.6630368699999999
Globe,LF1,CO2EQ,1,2030,-0.66303687
Globe,LF1,CO2EQ,1,2031,-0.66303687
Globe,LF1,CO2EQ,1,2032,-0.6630368700000001
Globe,LF1,CO2EQ,1,2033,-0.6630368699999999
Globe,LF1,CO2EQ,1,2034,-0.66303687
Globe,LF1,CO2EQ,1,2035,-0.6630368700000002
Globe,LF1,CO2EQ,1,2036,-0.66303687
Globe,LF1,CO2EQ,1,2037,-0.66303687
Globe,LF1,CO2EQ,1,2038,-0.66303687
Globe,LF1,CO2EQ,1,2039,-0.66303687
Globe,LF1,CO2EQ,1,2040,-0.66303687
Globe,LF1,CO2EQ,1,2041,-0.66303687
Globe,LF1,CO2EQ,1,2042,-0.66303687
Globe,LF1,CO2EQ,1,2043,-0.66303687
Globe,LF1,CO2EQ,1,2044,-0.66303687
Globe,LF1,CO2EQ,1,2045,-0.66303687
Globe,LF1,CO2EQ,1,2046,-0.66303687
Globe,LF1,CO2EQ,1,2047,-0.66303687
Globe,LF1,CO2EQ,1,2048,-0.66303687
Globe,LF1,CO2EQ,1,2049,-0.66303687
Globe,LF1,CO2EQ,1,2050,-0.66303687
Globe,LF1,CO2EQ,1,2051,-0.66303687
Globe,LF1,CO2EQ,1,2052,-0.66303687
Globe,LF1,CO2EQ,1,2053,-0.66303687
Globe,LF1,CO2EQ,1,2054,-0.6630368700000001
Globe,LF1,CO2EQ,1,2055,-0.66303687
Globe,LF1,CO2EQ,1,2056,-0.66303687
Globe,LF1,CO2EQ,1,2057,-0.6630368700000001
Globe,LF1,CO2EQ,1,2058,-0.66303687
Globe,LF1,CO2EQ,1,2059,-0.6630368699999999
Globe,LF1,CO2EQ,1,2060,-0.66303687
Globe,LF2_PROD,CO2EQ,1,2010,0.29295936
Globe,LF2_PROD,CO2EQ,1,2011,0.29295936000000006
Globe,LF2_PROD,CO2EQ,1,2012,0.29295936000000006
Globe,LF2_PROD,CO2EQ,1,2013,0.2920643309532671
Globe,LF2_PROD,CO2EQ,1,2014,0.2895157256606051
Globe,LF2_PROD,CO2EQ,1,2015,0.2838971785726687
Globe,LF2_PROD,CO2EQ,1,2016,0.2769360563590208
Globe,LF2_PROD,CO2EQ,1,2017,0.2699556751633123
Globe,LF2_PROD,CO2EQ,1,2018,0.26296245464622997
Globe,LF2_PROD,CO2EQ,1,2019,0.25594997514708734
Globe,LF2_PROD,CO2EQ,1,2020,0.2489246563265709
Globe,LF2_PROD,CO2EQ,1,2021,0.24471363128696272
Globe,LF2_PROD,CO2EQ,1,2022,0.24053491889077588
Globe,LF2_PROD,CO2EQ,1,2023,0.2363772954488079
Globe,LF2_PROD,CO2EQ,1,2024,0.23225529669796863
Globe,LF2_PROD,CO2EQ,1,2025,0.2281578645465218
Globe,LF2_PROD,CO2EQ,1,2026,0.2241793525900818
Globe,LF2_PROD,CO2EQ,1,2027,0.220229241346932
Globe,LF2_PROD,CO2EQ,1,2028,0.21632243213139402
Globe,LF2_PROD,CO2EQ,1,2029,0.21244825073085397
Globe,LF2_PROD,CO2EQ,1,2030,0.2086218098219229
Globe,LF2_PROD,CO2EQ,1,2031,0.2061721599676827
Globe,LF2_PROD,CO2EQ,1,2032,0.20385478797922493
Globe,LF2_PROD,CO2EQ,1,2033,0.201513037600313
Globe,LF2_PROD,CO2EQ,1,2034,0.19930254040448037
Globe,LF2_PROD,CO2EQ,1,2035,0.19715297351396635
Globe,LF2_PROD,CO2EQ,1,2036,0.1950673834470244
Globe,LF2_PROD,CO2EQ,1,2037,0.19304896904641333
Globe,LF2_PROD,CO2EQ,1,2038,0.19118073306943634
Globe,LF2_PROD,CO2EQ,1,2039,0.189300494626008
Globe,LF2_PROD,CO2EQ,1,2040,0.18757766438710718
Globe,LF2_PROD,CO2EQ,1,2041,0.18681497745407008
Globe,LF2_PROD,CO2EQ,1,2042,0.18613802557524053
Globe,LF2_PROD,CO2EQ,1,2043,0.18554467583034173
Globe,LF2_PROD,CO2EQ,1,2044,0.18504584901899074
Globe,LF2_PROD,CO2EQ,1,2045,0.18464627125623623
Globe,LF2_PROD,CO2EQ,1,2046,0.18435090501910778
Globe,LF2_PROD,CO2EQ,1,2047,0.1841585411529167
Globe,LF2_PROD,CO2EQ,1,2048,0.18416713413982255
Globe,LF2_PROD,CO2EQ,1,2049,0.1842103013309433
Globe,LF2_PROD,CO2EQ,1,2050,0.1843801382661188
Globe,LF2_PROD,CO2EQ,1,2051,0.18717320591342979
Globe,LF2_PROD,CO2EQ,1,2052,0.19010592694310607
Globe,LF2_PROD,CO2EQ,1,2053,0.1931852840488654
Globe,LF2_PROD,CO2EQ,1,2054,0.1964186089853137
Globe,LF2_PROD,CO2EQ,1,2055,0.19981360017385572
Globe,LF2_PROD,CO2EQ,1,2056,0.20094698933755448
Globe,LF2_PROD,CO2EQ,1,2057,0.2009469893375546
Globe,LF2_PROD,CO2EQ,1,2058,0.20094698933755462
Globe,LF2_PROD,CO2EQ,1,2059,0.20094698933755473
Globe,LF2_PROD,CO2EQ,1,2060,0.20094698933755467
Globe,PAPPLANT,WATER,1,2010,0.07957659253078166
Globe,PAPPLANT,WATER,1,2011,0.07944221740263044
Globe,PAPPLANT,WATER,1,2012,0.07929566820776332
Globe,PAPPLANT,WATER,1,2013,0.07913688194809691
Globe,PAPPLANT,WATER,1,2014,0.07896632707511059
Globe,PAPPLANT,WATER,1,2015,0.0787839356512714
Globe,PAPPLANT,WATER,1,2016,0.07859012603337784
Globe,PAPPLANT,WATER,1,2017,0.07838482732513523
Globe,PAPPLANT,WATER,1,2018,0.07753296724790755
Globe,PAPPLANT,WATER,1,2019,0.07730215848232437
Globe,PAPPLANT,WATER,1,2020,0.0770606593400243
Globe,PAPPLANT,WATER,1,2021,0.07680839428910644
Globe,PAPPLANT,WATER,1,2022,0.0765457813027337
Globe,PAPPLANT,WATER,1,2023,0.07627274172113817
Globe,PAPPLANT,WATER,1,2024,0.07598964888958731
Globe,PAPPLANT,WATER,1,2025,0.0750381929976546
Globe,PAPPLANT,WATER,1,2026,0.07473211325250542
Globe,PAPPLANT,WATER,1,2027,0.07441624555785527
Globe,PAPPLANT,WATER,1,2028,0.07409094138987234
Globe,PAPPLANT,WATER,1,2029,0.07375611908513754
Globe,PAPPLANT,WATER,1,2030,0.07273864535919256
Globe,PAPPLANT,WATER,1,2031,0.07238248292481446
Globe,PAPPLANT,WATER,1,2032,0.07201745229154385
Globe,PAPPLANT,WATER,1,2033,0.07096124876061265
Globe,PAPPLANT,WATER,1,2034,0.07057568986295755
Globe,PAPPLANT,WATER,1,2035,0.07018157239454759
Globe,PAPPLANT,WATER,1,2036,0.06908822881406855
Globe,PAPPLANT,WATER,1,2037,0.06867454239545168
Globe,PAPPLANT,WATER,1,2038,0.0682527851999217
Globe,PAPPLANT,WATER,1,2039,0.06712367189701161
Globe,PAPPLANT,WATER,1,2040,0.06668318094791287
Globe,PAPPLANT,WATER,1,2041,0.06623477726630604
Globe,PAPPLANT,WATER,1,2042,0.06507146867347549
Globe,PAPPLANT,WATER,1,2043,0.06460512611732348
Globe,PAPPLANT,WATER,1,2044,0.0634188134352457
Globe,PAPPLANT,WATER,1,2045,0.06293503172966707
Globe,PAPPLANT,WATER,1,2046,0.061726336631138745
Globe,PAPPLANT,WATER,1,2047,0.06122560876551266
Globe,PAPPLANT,WATER,1,2048,0.05999509698010362
Globe,PAPPLANT,WATER,1,2049,0.058752547745463186
Globe,PAPPLANT,WATER,1,2050,0.058226117098411856
Globe,PAPPLANT,WATER,1,2051,0.058226117098411856
Globe,PAPPLANT,WATER,1,2052,0.058226117098411856
Globe,PAPPLANT,WATER,1,2053,0.058226117098411856
Globe,PAPPLANT,WATER,1,2054,0.058226117098411856
Globe,PAPPLANT,WATER,1,2055,0.058226117098411856
Globe,PAPPLANT,WATER,1,2056,0.058226117098411856
Globe,PAPPLANT,WATER,1,2057,0.058226117098411856
Globe,PAPPLANT,WATER,1,2058,0.058226117098411856
Globe,PAPPLANT,WATER,1,2059,0.058226117098411856
Globe,PAPPLANT,WATER,1,2060,0.058226117098411856
Globe,PETAPLANT,WATER,1,2010,2.7997307287336013e-09
Globe,PETAPLANT,WATER,1,2011,2.810226168400632e-09
Globe,PETAPLANT,WATER,1,2012,2.8207177382582972e-09
Globe,PETAPLANT,WATER,1,2013,2.831293393429752e-09
Globe,PETAPLANT,WATER,1,2014,3.789151845069452e-09
Globe,PETAPLANT,WATER,1,2015,3.810300607715182e-09
Globe,PETAPLANT,WATER,1,2016,3.8343275650037675e-09
Globe,PETAPLANT,WATER,1,2017,3.858282196982931e-09
Globe,PETAPLANT,WATER,1,2018,3.8820829860759625e-09
Globe,PETAPLANT,WATER,1,2019,3.905830753249513e-09
Globe,PETAPLANT,WATER,1,2020,3.92941625918437e-09
Globe,PETAPLANT,WATER,1,2021,3.927123918964223e-09
Globe,PETAPLANT,WATER,1,2022,3.924320522376032e-09
Globe,PETAPLANT,WATER,1,2023,3.921206813260845e-09
Globe,PETAPLANT,WATER,1,2024,3.917547643447164e-09
Globe,PETAPLANT,WATER,1,2025,3.913538702550015e-09
Globe,PETAPLANT,WATER,1,2026,3.90878052740856e-09
Globe,PETAPLANT,WATER,1,2027,3.903632235400695e-09
Globe,PETAPLANT,WATER,1,2028,3.897861711710397e-09
Globe,PETAPLANT,WATER,1,2029,3.891654327944392e-09
Globe,PETAPLANT,WATER,1,2030,3.884765765719302e-09
Globe,PETAPLANT,WATER,1,2031,3.866117855418718e-09
Globe,PETAPLANT,WATER,1,2032,3.84675954629267e-09
Globe,PETAPLANT,WATER,1,2033,3.8269804060591e-09
Globe,PETAPLANT,WATER,1,2034,3.806533425003097e-09
Globe,PETAPLANT,WATER,1,2035,3.7854451161886625e-09
Globe,PETAPLANT,WATER,1,2036,3.763682779573038e-09
Globe,PETAPLANT,WATER,1,2037,3.741212337289245e-09
Globe,PETAPLANT,WATER,1,2038,3.7178463135325028e-09
Globe,PETAPLANT,WATER,1,2039,3.693948474284384e-09
Globe,PETAPLANT,WATER,1,2040,3.669080165653157e-09
Globe,PETAPLANT,WATER,1,2041,3.6375860892066244e-09
Globe,PETAPLANT,WATER,1,2042,3.60527021919244e-09
Globe,PETAPLANT,WATER,1,2043,3.5721803091277532e-09
Globe,PETAPLANT,WATER,1,2044,3.538163542267619e-09
Globe,PETAPLANT,WATER,1,2045,3.503192862375155e-09
Globe,PETAPLANT,WATER,1,2046,3.46720577577481e-09
Globe,PETAPLANT,WATER,1,2047,3.43023958052574e-09
Globe,PETAPLANT,WATER,1,2048,3.391914528311175e-09
Globe,PETAPLANT,WATER,1,2049,3.352638302879403e-09
Globe,PETAPLANT,WATER,1,2050,3.3121167536745598e-09
Globe,PETAPLANT,WATER,1,2051,3.273403560537225e-09
Globe,PETAPLANT,WATER,1,2052,3.2327547077430246e-09
Globe,PETAPLANT,WATER,1,2053,3.190073411968158e-09
Globe,PETAPLANT,WATER,1,2054,3.145258051745503e-09
Globe,PETAPLANT,WATER,1,2055,3.0982019234386545e-09
Globe,PETAPLANT,WATER,1,2056,3.082492632030592e-09
Globe,PETAPLANT,WATER,1,2057,3.0824926320305916e-09
Globe,PETAPLANT,WATER,1,2058,3.082492632030592e-09
Globe,PETAPLANT,WATER,1,2059,3.0824926320305916e-09
Globe,PETAPLANT,WATER,1,2060,3.082492632030592e-09
Globe,PETBPLANT,WATER,1,2010,0.007332624867162594
Globe,PETBPLANT,WATER,1,2011,0.007584439392828335
Globe,PETBPLANT,WATER,1,2012,0.007829225088439591
Globe,PETBPLANT,WATER,1,2013,0.008067195306412433
Globe,PETBPLANT,WATER,1,2014,0.008298708996835283
Globe,PETBPLANT,WATER,1,2015,0.008523945923444406
Globe,PETBPLANT,WATER,1,2016,0.008743238551624656
Globe,PETBPLANT,WATER,1,2017,0.008956737427795175
Globe,PETBPLANT,WATER,1,2018,0.009164751833857294
Globe,PETBPLANT,WATER,1,2019,0.009367406822221596
Globe,PETBPLANT,WATER,1,2020,0.009564991294254208
Globe,PETBPLANT,WATER,1,2021,0.009757607992920452
Globe,PETBPLANT,WATER,1,2022,0.009945527829355554
Globe,PETBPLANT,WATER,1,2023,0.01012883397158298
Globe,PETBPLANT,WATER,1,2024,0.010307781387433976
Globe,PETBPLANT,WATER,1,2025,0.010482481809208515
Globe,PETBPLANT,WATER,1,2026,0.010653038674033149
Globe,PETBPLANT,WATER,1,2027,0.010819640099318252
Globe,PETBPLANT,WATER,1,2028,0.010982468422495416
Globe,PETBPLANT,WATER,1,2029,0.011141561002864491
Globe,PETBPLANT,WATER,1,2030,0.011297134611420324
Globe,PETBPLANT,WATER,1,2031,0.0114492147365331
Globe,PETBPLANT,WATER,1,2032,0.011598007944028873
Globe,PETBPLANT,WATER,1,2033,0.01174352919590113
Globe,PETBPLANT,WATER,1,2034,0.01188597585036698
Globe,PETBPLANT,WATER,1,2035,0.012025353520367927
Globe,PETBPLANT,WATER,1,2036,0.012161851229452783
Globe,PETBPLANT,WATER,1,2037,0.012295466275188953
Globe,PETBPLANT,WATER,1,2038,0.012426380112754926
Globe,PETBPLANT,WATER,1,2039,0.012554582634228189
Globe,PETBPLANT,WATER,1,2040,0.012680248401149317
Globe,PETBPLANT,WATER,1,2041,0.012803360702972732
Globe,PETBPLANT,WATER,1,2042,0.012924087803459806
Globe,PETBPLANT,WATER,1,2043,0.013042407099518493
Globe,PETBPLANT,WATER,1,2044,0.013158481084837578
Globe,PETBPLANT,WATER,1,2045,0.013272281893171152
Globe,PETBPLANT,WATER,1,2046,0.013383966716777962
Globe,PETBPLANT,WATER,1,2047,0.013493502985302068
Globe,PETBPLANT,WATER,1,2048,0.013601043006879043
Globe,PETBPLANT,WATER,1,2049,0.01370655000458898
Globe,PETBPLANT,WATER,1,2050,0.013810171775008418
Globe,PETBPLANT,WATER,1,2051,0.013810171775008418
Globe,PETBPLANT,WATER,1,2052,0.013810171775008415
Globe,PETBPLANT,WATER,1,2053,0.013810171775008418
Globe,PETBPLANT,WATER,1,2054,0.013810171775008418
Globe,PETBPLANT,WATER,1,2055,0.013810171775008418
Globe,PETBPLANT,WATER,1,2056,0.013810171775008418
Globe,PETBPLANT,WATER,1,2057,0.013810171775008418
Globe,PETBPLANT,WATER,1,2058,0.013810171775008422
Globe,PETBPLANT,WATER,1,2059,0.013810171775008422
Globe,PETBPLANT,WATER,1,2060,0.013810171775008418
Globe,STEPLANT,WATER,1,2010,3.1861795552308756
Globe,STEPLANT,WATER,1,2011,3.2195212014323076
Globe,STEPLANT,WATER,1,2012,3.250357167559754
Globe,STEPLANT,WATER,1,2013,3.2813055140530096
Globe,STEPLANT,WATER,1,2014,3.3123662409120755
Globe,STEPLANT,WATER,1,2015,3.3435392283570433
Globe,STEPLANT,WATER,1,2016,3.3748247156562923
Globe,STEPLANT,WATER,1,2017,3.4062225833213517
Globe,STEPLANT,WATER,1,2018,3.4377328313522213
Globe,STEPLANT,WATER,1,2019,3.469355459748899
Globe,STEPLANT,WATER,1,2020,3.5010904685113875
Globe,STEPLANT,WATER,1,2021,3.532937857639684
Globe,STEPLANT,WATER,1,2022,3.567740448208061
Globe,STEPLANT,WATER,1,2023,3.5998312059204096
Globe,STEPLANT,WATER,1,2024,3.6320344659156705
Globe,STEPLANT,WATER,1,2025,3.6643501062767387
Globe,STEPLANT,WATER,1,2026,3.6967781270036184
Globe,STEPLANT,WATER,1,2027,3.729318528096306
Globe,STEPLANT,WATER,1,2028,3.761971309554802
Globe,STEPLANT,WATER,1,2029,3.7977104027830126
Globe,STEPLANT,WATER,1,2030,3.830606675034098
Globe,STEPLANT,WATER,1,2031,3.8636152030138278
Globe,STEPLANT,WATER,1,2032,3.8967362357050987
Globe,STEPLANT,WATER,1,2033,3.9299696487621767
Globe,STEPLANT,WATER,1,2034,3.9663830237966633
Globe,STEPLANT,WATER,1,2035,3.999859927646329
Globe,STEPLANT,WATER,1,2036,4.033449211861804
Globe,STEPLANT,WATER,1,2037,4.06715087644309
Globe,STEPLANT,WATER,1,2038,4.104107423245655
Globe,STEPLANT,WATER,1,2039,4.138052451456593
Globe,STEPLANT,WATER,1,2040,4.172109986904841
Globe,STEPLANT,WATER,1,2041,4.206279902718897
Globe,STEPLANT,WATER,1,2042,4.243779620900962
Globe,STEPLANT,WATER,1,2043,4.278193027507607
Globe,STEPLANT,WATER,1,2044,4.312718814480059
Globe,STEPLANT,WATER,1,2045,4.350630594003427
Globe,STEPLANT,WATER,1,2046,4.385399871768469
Globe,STEPLANT,WATER,1,2047,4.420281400210611
Globe,STEPLANT,WATER,1,2048,4.458605240686699
Globe,STEPLANT,WATER,1,2049,4.493730389318703
Globe,STEPLANT,WATER,1,2050,4.528967918316515
Globe,STEPLANT,WATER,1,2051,4.528967918316515
Globe,STEPLANT,WATER,1,2052,4.528967918316515
Globe,STEPLANT,WATER,1,2053,4.528967918316515
Globe,STEPLANT,WATER,1,2054,4.528967918316515
Globe,STEPLANT,WATER,1,2055,4.528967918316515
Globe,STEPLANT,WATER,1,2056,4.528967918316515
Globe,STEPLANT,WATER,1,2057,4.528967918316515
Globe,STEPLANT,WATER,1,2058,4.528967918316515
Globe,STEPLANT,WATER,1,2059,4.528967918316515
Globe,STEPLANT,WATER,1,2060,4.528967918316515
