REGION,TECHNOLOGY,EMISSION,YEAR,VALUE
Globe,ALUPLANT,CO2EQ,2010,0.0034729699163085267
Globe,ALUPLANT,CO2EQ,2011,0.0035828584125616085
Globe,ALUPLANT,CO2EQ,2012,0.003691038712867318
Globe,ALUPLANT,CO2EQ,2013,0.003797589988639527
Globe,ALUPLANT,CO2EQ,2014,0.003902508466843314
Globe,ALUPLANT,CO2EQ,2015,0.004005868368804208
Globe,ALUPLANT,CO2EQ,2016,0.004107692008504901
Globe,ALUPLANT,CO2EQ,2017,0.004207991558032094
Globe,ALUPLANT,CO2EQ,2018,0.004306832165896655
Globe,ALUPLANT,CO2EQ,2019,0.0044042173563850024
Globe,ALUPLANT,CO2EQ,2020,0.004500207726589842
Globe,ALUPLANT,CO2EQ,2021,0.0045120609704272195
Globe,ALUPLANT,CO2EQ,2022,0.004523726436753079
Globe,ALUPLANT,CO2EQ,2023,0.004535245228306093
Globe,ALUPLANT,CO2EQ,2024,0.004546583493751835
Globe,ALUPLANT,CO2EQ,2025,0.004557781796238397
Globe,ALUPLANT,CO2EQ,2026,0.0045688248069498056
Globe,ALUPLANT,CO2EQ,2027,0.004579697441735067
Globe,ALUPLANT,CO2EQ,2028,0.004590439487641269
Globe,ALUPLANT,CO2EQ,2029,0.004601017477365314
Globe,ALUPLANT,CO2EQ,2030,0.004611470701030765
Globe,ALUPLANT,CO2EQ,2031,0.004621783823495113
Globe,ALUPLANT,CO2EQ,2032,0.004631941757694401
Globe,ALUPLANT,CO2EQ,2033,0.004641983077046998
Globe,ALUPLANT,CO2EQ,2034,0.004651874742794433
Globe,ALUPLANT,CO2EQ,2035,0.004661654868261659
Globe,ALUPLANT,CO2EQ,2036,0.0046713081644626986
Globe,ALUPLANT,CO2EQ,2037,0.004680819591269351
Globe,ALUPLANT,CO2EQ,2038,0.0046902265968150935
Globe,ALUPLANT,CO2EQ,2039,0.004699496602203217
Globe,ALUPLANT,CO2EQ,2040,0.004708666627563402
Globe,ALUPLANT,CO2EQ,2041,0.004717721470568949
Globe,ALUPLANT,CO2EQ,2042,0.00472664617656961
Globe,ALUPLANT,CO2EQ,2043,0.004735477145581119
Globe,ALUPLANT,CO2EQ,2044,0.004744182279748283
Globe,ALUPLANT,CO2EQ,2045,0.004752797579281033
Globe,ALUPLANT,CO2EQ,2046,0.004761307959650758
Globe,ALUPLANT,CO2EQ,2047,0.00476969858137355
Globe,ALUPLANT,CO2EQ,2048,0.004778004864312209
Globe,ALUPLANT,CO2EQ,2049,0.0047861952050280605
Globe,ALUPLANT,CO2EQ,2050,0.00479430464854875
Globe,ALUPLANT,CO2EQ,2051,0.00479430464854875
Globe,ALUPLANT,CO2EQ,2052,0.00479430464854875
Globe,ALUPLANT,CO2EQ,2053,0.00479430464854875
Globe,ALUPLANT,CO2EQ,2054,0.00479430464854875
Globe,ALUPLANT,CO2EQ,2055,0.00479430464854875
Globe,ALUPLANT,CO2EQ,2056,0.00479430464854875
Globe,ALUPLANT,CO2EQ,2057,0.00479430464854875
Globe,ALUPLANT,CO2EQ,2058,0.00479430464854875
Globe,ALUPLANT,CO2EQ,2059,0.00479430464854875
Globe,ALUPLANT,CO2EQ,2060,0.00479430464854875
Globe,ALUPLANT,WATER,2010,0.030870843700520238
Globe,ALUPLANT,WATER,2011,0.03224572571305448
Globe,ALUPLANT,WATER,2012,0.03321934841580586
Globe,ALUPLANT,WATER,2013,0.03460026434093792
Globe,ALUPLANT,WATER,2014,0.03555618825346132
Globe,ALUPLANT,WATER,2015,0.03694300829008325
Globe,ALUPLANT,WATER,2016,0.038338458746045745
Globe,ALUPLANT,WATER,2017,0.03927458787496622
Globe,ALUPLANT,WATER,2018,0.040675637122357305
Globe,ALUPLANT,WATER,2019,0.04159538614363614
Globe,ALUPLANT,WATER,2020,0.043001984942969605
Globe,ALUPLANT,WATER,2021,0.043616589380796454
Globe,ALUPLANT,WATER,2022,0.043729355555279764
Globe,ALUPLANT,WATER,2023,0.04434462001010404
Globe,ALUPLANT,WATER,2024,0.044455483050017945
Globe,ALUPLANT,WATER,2025,0.045071397762801925
Globe,ALUPLANT,WATER,2026,0.04568824806949806
Globe,ALUPLANT,WATER,2027,0.045796974417350665
Globe,ALUPLANT,WATER,2028,0.04641444370837284
Globe,ALUPLANT,WATER,2029,0.04652139893780485
Globe,ALUPLANT,WATER,2030,0.04713947827720337
Globe,ALUPLANT,WATER,2031,0.04775843284278284
Globe,ALUPLANT,WATER,2032,0.047863398162842144
Globe,ALUPLANT,WATER,2033,0.04848293436026864
Globe,ALUPLANT,WATER,2034,0.04858624731363075
Globe,ALUPLANT,WATER,2035,0.04920635694276195
Globe,ALUPLANT,WATER,2036,0.04982728708760211
Globe,ALUPLANT,WATER,2037,0.049928742306873074
Globe,ALUPLANT,WATER,2038,0.050550219987896015
Globe,ALUPLANT,WATER,2039,0.05065013004596801
Globe,ALUPLANT,WATER,2040,0.051272147722357046
Globe,ALUPLANT,WATER,2041,0.05189493617625844
Globe,ALUPLANT,WATER,2042,0.05199310794226572
Globe,ALUPLANT,WATER,2043,0.05261641272867912
Globe,ALUPLANT,WATER,2044,0.05271313644164759
Globe,ALUPLANT,WATER,2045,0.0533369506119316
Globe,ALUPLANT,WATER,2046,0.05396149020937526
Globe,ALUPLANT,WATER,2047,0.054056583922233566
Globe,ALUPLANT,WATER,2048,0.054681611224906404
Globe,ALUPLANT,WATER,2049,0.054775345124210034
Globe,ALUPLANT,WATER,2050,0.055400853716563336
Globe,ALUPLANT,WATER,2051,0.055400853716563336
Globe,ALUPLANT,WATER,2052,0.055400853716563336
Globe,ALUPLANT,WATER,2053,0.055400853716563336
Globe,ALUPLANT,WATER,2054,0.055400853716563336
Globe,ALUPLANT,WATER,2055,0.055400853716563336
Globe,ALUPLANT,WATER,2056,0.055400853716563336
Globe,ALUPLANT,WATER,2057,0.055400853716563336
Globe,ALUPLANT,WATER,2058,0.055400853716563336
Globe,ALUPLANT,WATER,2059,0.055400853716563336
Globe,ALUPLANT,WATER,2060,0.055400853716563336
Globe,C1BMCHP00,WATER,2010,0.0011393452224
Globe,C1BMCHP00,WATER,2011,0.00110827217088
Globe,C1BMCHP00,WATER,2012,0.00107374655808
Globe,C1BMCHP00,WATER,2013,0.00103922094528
Globe,C1BMCHP00,WATER,2014,0.00100469533248
Globe,C1BMCHP00,WATER,2015,0.0009736222809599999
Globe,C1BMCHP00,WATER,2016,0.0009390966681600001
Globe,C1BMCHP00,WATER,2017,0.0009045710553600001
Globe,C1BMCHP00,WATER,2018,0.0008734980038399999
Globe,C1BMCHP00,WATER,2019,0.0013938201093456077
Globe,C1BMCHP00,WATER,2020,0.0033146456059023033
Globe,C1BMCHP00,WATER,2021,0.004425130390390405
Globe,C1BMCHP00,WATER,2022,0.006465594106870406
Globe,C1BMCHP00,WATER,2023,0.008345039070277007
Globe,C1BMCHP00,WATER,2024,0.010257208606876383
Globe,C1BMCHP00,WATER,2025,0.011886995924879335
Globe,C1BMCHP00,WATER,2026,0.012613778368867852
Globe,C1BMCHP00,WATER,2027,0.013192975441888438
Globe,C1BMCHP00,WATER,2028,0.013760936044495558
Globe,C1BMCHP00,WATER,2029,0.014322482327426573
Globe,C1BMCHP00,WATER,2030,0.014874438599295162
Globe,C1BMCHP00,WATER,2031,0.015371600108557959
Globe,C1BMCHP00,WATER,2032,0.016515916160591164
Globe,C1BMCHP00,WATER,2033,0.018381891281840076
Globe,C1BMCHP00,WATER,2034,0.019009671510796293
Globe,C1BMCHP00,WATER,2035,0.02104668266599629
Globe,C1BMCHP00,WATER,2036,0.021555899581112783
Globe,C1BMCHP00,WATER,2037,0.02191658661041837
Globe,C1BMCHP00,WATER,2038,0.022297367392309666
Globe,C1BMCHP00,WATER,2039,0.02267363436956108
Globe,C1BMCHP00,WATER,2040,0.023019252960760232
Globe,C1BMCHP00,WATER,2041,0.023254226763796272
Globe,C1BMCHP00,WATER,2042,0.023581656856349064
Globe,C1BMCHP00,WATER,2043,0.024586107415472833
Globe,C1BMCHP00,WATER,2044,0.024850988564103553
Globe,C1BMCHP00,WATER,2045,0.025093278218200486
Globe,C1BMCHP00,WATER,2046,0.025329665702121366
Globe,C1BMCHP00,WATER,2047,0.025538064664639235
Globe,C1BMCHP00,WATER,2048,0.025575157641843663
Globe,C1BMCHP00,WATER,2049,0.025575157641843656
Globe,C1BMCHP00,WATER,2050,0.025575157641843642
Globe,C1BMCHP00,WATER,2051,0.025575157641843642
Globe,C1BMCHP00,WATER,2052,0.02557515764184365
Globe,C1BMCHP00,WATER,2053,0.02557515764184367
Globe,C1BMCHP00,WATER,2054,0.025020309923538035
Globe,C1BMCHP00,WATER,2055,0.02306495881418133
Globe,C1BMCHP00,WATER,2056,0.02191994841689324
Globe,C1BMCHP00,WATER,2057,0.020938207374321987
Globe,C1BMCHP00,WATER,2058,0.0190242367981154
Globe,C1BMCHP00,WATER,2059,0.017077541648716034
Globe,C1BMCHP00,WATER,2060,0.015416681279193082
Globe,C1BMHTF03,WATER,2010,0.010693624233600001
Globe,C1BMHTF03,WATER,2011,0.0101583006336
Globe,C1BMHTF03,WATER,2012,0.0096229770336
Globe,C1BMHTF03,WATER,2013,0.009091936022399999
Globe,C1BMHTF03,WATER,2014,0.0085566124224
Globe,C1BMHTF03,WATER,2015,0.0080212888224
Globe,C1BMHTF03,WATER,2016,0.007485965222399999
Globe,C1BMHTF03,WATER,2017,0.0069506416224
Globe,C1BMHTF03,WATER,2018,0.006415318022399999
Globe,C1BMHTF03,WATER,2019,0.0058799944224
Globe,C1BMHTF03,WATER,2020,0.0053489534112
Globe,C1BMHTF03,WATER,2021,0.0048136298112
Globe,C1BMHTF03,WATER,2022,0.0042783062112
Globe,C1BMHTF03,WATER,2023,0.0037429826111999996
Globe,C1BMHTF03,WATER,2024,0.0032076590111999996
Globe,C1BMHTF03,WATER,2025,0.0026723354112
Globe,C1BMHTF03,WATER,2026,0.0021412944000000003
Globe,C1BMHTF03,WATER,2027,0.0021412944
Globe,C1BMHTF03,WATER,2028,0.0021412944
Globe,C1BMHTF03,WATER,2029,0.0021412944
Globe,C1BMHTF03,WATER,2030,0.0021412944000000003
Globe,C1BMHTF03,WATER,2031,0.0021412944000000103
Globe,C1BMHTF03,WATER,2032,0.0021412944000000003
Globe,C1BMHTF03,WATER,2033,0.0021412943999999934
Globe,C1BMHTF03,WATER,2034,0.002141294400000002
Globe,C1BMHTF03,WATER,2035,0.0021412943999999964
Globe,C1BMHTF03,WATER,2036,0.002141294399999997
Globe,C1BMHTF03,WATER,2037,0.002141294399999997
Globe,C1BMHTF03,WATER,2038,0.0021412944000000003
Globe,C1BMHTF03,WATER,2039,0.0021412943999999873
Globe,C1BMHTF03,WATER,2040,0.0021412944000000003
Globe,C1BMHTF03,WATER,2041,0.002141294400000006
Globe,C1BMHTF03,WATER,2042,0.0021412944000000003
Globe,C1BMHTF03,WATER,2043,0.00018410716800000004
Globe,C1BMHTF03,WATER,2044,0.00018410716800000004
Globe,C1BMHTF03,WATER,2045,0.00018410716800000004
Globe,C1BMHTF03,WATER,2046,0.00018410716800000004
Globe,C1BMHTF03,WATER,2047,0.00018410716800000004
Globe,C1BMHTF03,WATER,2048,0.0007571536942031244
Globe,C1BMHTF03,WATER,2049,0.0014271642803031846
Globe,C1BMHTF03,WATER,2050,0.00208180858080564
Globe,C1BMHTF03,WATER,2051,0.0020818085808056203
Globe,C1BMHTF03,WATER,2052,0.0020818085808056133
Globe,C1BMHTF03,WATER,2053,0.0021412944000000008
Globe,C1BMHTF03,WATER,2054,0.0021412944000000003
Globe,C1BMHTF03,WATER,2055,0.0021412944000000003
Globe,C1BMHTF03,WATER,2056,0.0021412944000000003
Globe,C1BMHTF03,WATER,2057,0.0021412944000000003
Globe,C1BMHTF03,WATER,2058,0.0021412944000000003
Globe,C1BMHTF03,WATER,2059,0.0021412943999999964
Globe,C1BMHTF03,WATER,2060,0.0021412943999999995
Globe,C1BMIGPCS,CO2EQ,2054,-0.09521131802378902
Globe,C1BMIGPCS,CO2EQ,2055,-0.44425859724644956
Globe,C1BMIGPCS,CO2EQ,2056,-0.6499626467254862
Globe,C1BMIGPCS,CO2EQ,2057,-0.8269563938911155
Globe,C1BMIGPCS,CO2EQ,2058,-1.155733689714804
Globe,C1BMIGPCS,CO2EQ,2059,-1.5223110925176822
Globe,C1BMIGPCS,CO2EQ,2060,-1.8413165691595514
Globe,C1BMIGPCS,WATER,2054,0.005150460267491495
Globe,C1BMIGPCS,WATER,2055,0.024032187570784843
Globe,C1BMIGPCS,WATER,2056,0.035159756810391095
Globe,C1BMIGPCS,WATER,2057,0.04473424103445405
Globe,C1BMIGPCS,WATER,2058,0.06251946273015742
Globe,C1BMIGPCS,WATER,2059,0.08234948280849214
Globe,C1BMIGPCS,WATER,2060,0.0996060975330737
Globe,C1BMLP000,CO2EQ,2010,0.0006472425191489361
Globe,C1BMLP000,CO2EQ,2011,0.0006687437632340426
Globe,C1BMLP000,CO2EQ,2012,0.0006899604099574468
Globe,C1BMLP000,CO2EQ,2013,0.0006396767320851065
Globe,C1BMLP000,CO2EQ,2014,0.0005922118958297872
Globe,C1BMLP000,CO2EQ,2015,0.0005475165440425531
Globe,C1BMLP000,CO2EQ,2016,0.0005015719657021276
Globe,C1BMLP000,CO2EQ,2017,0.0004592356547234043
Globe,C1BMLP000,CO2EQ,2018,0.000420111888
Globe,C1BMLP000,CO2EQ,2019,0.0005400244317669957
Globe,C1BMLP000,CO2EQ,2020,0.00035103901148936164
Globe,C1BMLP000,CO2EQ,2021,0.0005136263517669957
Globe,C1BMLP000,CO2EQ,2022,4.8434660936170096e-05
Globe,C1BMLP000,CO2EQ,2023,2.4069836297875473e-05
Globe,C1BMLP000,WATER,2010,0.028478670842553195
Globe,C1BMLP000,WATER,2011,0.02942472558229787
Globe,C1BMLP000,WATER,2012,0.030358258038127663
Globe,C1BMLP000,WATER,2013,0.028145776211744685
Globe,C1BMLP000,WATER,2014,0.02605732341651064
Globe,C1BMLP000,WATER,2015,0.024090727937872338
Globe,C1BMLP000,WATER,2016,0.02206916649089361
Globe,C1BMLP000,WATER,2017,0.020206368807829788
Globe,C1BMLP000,WATER,2018,0.018484923072
Globe,C1BMLP000,WATER,2019,0.02376107499774781
Globe,C1BMLP000,WATER,2020,0.015445716505531911
Globe,C1BMLP000,WATER,2021,0.022599559477747812
Globe,C1BMLP000,WATER,2022,0.0021311250811914843
Globe,C1BMLP000,WATER,2023,0.0010590727971065206
Globe,C1BMSCP00,WATER,2010,0.0016562793703248002
Globe,C1BMSCP00,WATER,2011,0.0015879151186416
Globe,C1BMSCP00,WATER,2012,0.001522658332944
Globe,C1BMSCP00,WATER,2013,0.0014574015472464
Globe,C1BMSCP00,WATER,2014,0.0013890372955632
Globe,C1BMSCP00,WATER,2015,0.0013237805098656
Globe,C1BMSCP00,WATER,2016,0.0018654754552570555
Globe,C1BMSCP00,WATER,2017,0.01327156246296
Globe,C1BMSCP00,WATER,2018,0.012543878881439999
Globe,C1BMSCP00,WATER,2019,0.011816195299919997
Globe,C1BMSCP00,WATER,2020,0.0110885117184
Globe,C1BMSCP00,WATER,2021,0.01032617653776
Globe,C1BMSCP00,WATER,2022,0.00959849295624
Globe,C1BMSCP00,WATER,2023,0.008870809374719998
Globe,C1BMSCP00,WATER,2024,0.008108474194079998
Globe,C1BMSCP00,WATER,2025,0.00738079061256
Globe,C1BMSCP00,WATER,2026,0.0066531070310400005
Globe,C1BMSCP00,WATER,2027,0.0058907718504
Globe,C1BMSCP00,WATER,2028,0.00516308826888
Globe,C1BMSCP00,WATER,2029,0.004435404687359999
Globe,C1BMSCP00,WATER,2030,0.00370772110584
Globe,C1BMSCP00,WATER,2031,0.0029453859252
Globe,C1BMSCP00,WATER,2032,0.0022177023436799996
Globe,C1BMSCP00,WATER,2033,0.00149001876216
Globe,C1BMSCP00,WATER,2034,0.00072768358152
Globe,C1CO00I00,CO2EQ,2010,12.44873544
Globe,C1CO00I00,CO2EQ,2011,12.54739728
Globe,C1CO00I00,CO2EQ,2012,12.64605912
Globe,C1CO00I00,CO2EQ,2013,12.744712020000003
Globe,C1CO00I00,CO2EQ,2014,12.744712020000001
Globe,C1CO00I00,CO2EQ,2015,12.74471202
Globe,C1CO00I00,CO2EQ,2016,12.74471202
Globe,C1CO00I00,CO2EQ,2017,12.65531202
Globe,C1CO00I00,CO2EQ,2018,12.565912019999999
Globe,C1CO00I00,CO2EQ,2019,12.47651202
Globe,C1CO00I00,CO2EQ,2020,12.38711202
Globe,C1CO00I00,CO2EQ,2021,12.02951202
Globe,C1CO00I00,CO2EQ,2022,11.671912019999999
Globe,C1CO00I00,CO2EQ,2023,11.314312020000001
Globe,C1CO00I00,CO2EQ,2024,10.956712020000001
Globe,C1CO00I00,CO2EQ,2025,10.811570499779194
Globe,C1CO00I00,CO2EQ,2026,11.03942040672866
Globe,C1CO00I00,CO2EQ,2027,11.08768042814933
Globe,C1CO00I00,CO2EQ,2028,11.176088512542538
Globe,C1CO00I00,CO2EQ,2029,11.308518546914334
Globe,C1CO00I00,CO2EQ,2030,10.951985640198544
Globe,C1CO00I00,CO2EQ,2031,11.15294406103162
Globe,C1CO00I00,CO2EQ,2032,11.128075093353285
Globe,C1CO00I00,CO2EQ,2033,11.2305054795781
Globe,C1CO00I00,CO2EQ,2034,11.130809172904213
Globe,C1CO00I00,CO2EQ,2035,10.864949780104958
Globe,C1CO00I00,CO2EQ,2036,10.604846987004438
Globe,C1CO00I00,CO2EQ,2037,10.461919290880743
Globe,C1CO00I00,CO2EQ,2038,10.363794499233412
Globe,C1CO00I00,CO2EQ,2039,10.271362675809625
Globe,C1CO00I00,CO2EQ,2040,10.20450086348987
Globe,C1CO00I00,CO2EQ,2041,10.129172859972888
Globe,C1CO00I00,CO2EQ,2042,9.828085199513016
Globe,C1CO00I00,CO2EQ,2043,9.526763325807657
Globe,C1CO00I00,CO2EQ,2044,9.20658227430958
Globe,C1CO00I00,CO2EQ,2045,8.88271694959029
Globe,C1CO00I00,CO2EQ,2046,8.557339884237624
Globe,C1CO00I00,CO2EQ,2047,8.227367264037616
Globe,C1CO00I00,CO2EQ,2048,7.899843657291507
Globe,C1CO00I00,CO2EQ,2049,7.571553722500902
Globe,C1CO00I00,CO2EQ,2050,7.241652328425392
Globe,C1CO00I00,CO2EQ,2051,6.701169916478777
Globe,C1CO00I00,CO2EQ,2052,6.160279916478773
Globe,C1CO00I00,CO2EQ,2053,5.619459916478775
Globe,C1CO00I00,CO2EQ,2054,5.173781234502561
Globe,C1CO00I00,CO2EQ,2055,4.981938513725229
Globe,C1CO00I00,CO2EQ,2056,4.646822563204265
Globe,C1CO00I00,CO2EQ,2057,4.282926310369894
Globe,C1CO00I00,CO2EQ,2058,4.0708136061935845
Globe,C1CO00I00,CO2EQ,2059,3.896571008996462
Globe,C1CO00I00,CO2EQ,2060,3.6746864856383312
Globe,C1CO00I00,WATER,2010,0.02784952
Globe,C1CO00I00,WATER,2011,0.02807024
Globe,C1CO00I00,WATER,2012,0.02829096
Globe,C1CO00I00,WATER,2013,0.028511660000000005
Globe,C1CO00I00,WATER,2014,0.02851166
Globe,C1CO00I00,WATER,2015,0.02851166
Globe,C1CO00I00,WATER,2016,0.02851166
Globe,C1CO00I00,WATER,2017,0.02831166
Globe,C1CO00I00,WATER,2018,0.02811166
Globe,C1CO00I00,WATER,2019,0.02791166
Globe,C1CO00I00,WATER,2020,0.02771166
Globe,C1CO00I00,WATER,2021,0.02691166
Globe,C1CO00I00,WATER,2022,0.02611166
Globe,C1CO00I00,WATER,2023,0.025311660000000003
Globe,C1CO00I00,WATER,2024,0.024511659999999998
Globe,C1CO00I00,WATER,2025,0.024186958612481418
Globe,C1CO00I00,WATER,2026,0.02469668994793884
Globe,C1CO00I00,WATER,2027,0.024804654201676355
Globe,C1CO00I00,WATER,2028,0.025002435151101877
Globe,C1CO00I00,WATER,2029,0.02529869921009918
Globe,C1CO00I00,WATER,2030,0.024501086443397192
Globe,C1CO00I00,WATER,2031,0.024950657854656874
Globe,C1CO00I00,WATER,2032,0.02489502258020869
Globe,C1CO00I00,WATER,2033,0.02512417333238949
Globe,C1CO00I00,WATER,2034,0.02490113908927117
Globe,C1CO00I00,WATER,2035,0.024306375346990962
Globe,C1CO00I00,WATER,2036,0.023724489903813064
Globe,C1CO00I00,WATER,2037,0.02340474114290994
Globe,C1CO00I00,WATER,2038,0.023185222593363343
Globe,C1CO00I00,WATER,2039,0.022978439990625557
Globe,C1CO00I00,WATER,2040,0.02282886099214736
Globe,C1CO00I00,WATER,2041,0.022660341968619435
Globe,C1CO00I00,WATER,2042,0.02198676778414545
Globe,C1CO00I00,WATER,2043,0.021312669632679325
Globe,C1CO00I00,WATER,2044,0.02059638092686707
Globe,C1CO00I00,WATER,2045,0.019871849999083417
Globe,C1CO00I00,WATER,2046,0.019143937101202737
Globe,C1CO00I00,WATER,2047,0.018405743319994665
Globe,C1CO00I00,WATER,2048,0.017673028316088385
Globe,C1CO00I00,WATER,2049,0.016938598931769355
Globe,C1CO00I00,WATER,2050,0.016200564493121683
Globe,C1CO00I00,WATER,2051,0.014991431580489434
Globe,C1CO00I00,WATER,2052,0.013781386837760116
Globe,C1CO00I00,WATER,2053,0.012571498694583388
Globe,C1CO00I00,WATER,2054,0.011574454663316693
Globe,C1CO00I00,WATER,2055,0.011145276317058679
Globe,C1CO00I00,WATER,2056,0.010395576204036385
Globe,C1CO00I00,WATER,2057,0.009581490627225714
Globe,C1CO00I00,WATER,2058,0.009106965561954328
Globe,C1CO00I00,WATER,2059,0.008717161093951816
Globe,C1CO00I00,WATER,2060,0.008220775135656222
Globe,C1COCHP00,WATER,2010,0.002783627532
Globe,C1COCHP00,WATER,2011,0.0028367020302768
Globe,C1COCHP00,WATER,2012,0.002819650505616
Globe,C1COCHP00,WATER,2013,0.0028957668106752003
Globe,C1COCHP00,WATER,2014,0.0028692325968768004
Globe,C1COCHP00,WATER,2015,0.0029693895452928
Globe,C1COCHP00,WATER,2016,0.00293961709391616
Globe,C1COCHP00,WATER,2017,0.00290360403648
Globe,C1COCHP00,WATER,2018,0.0028172900044799998
Globe,C1COCHP00,WATER,2019,0.00273442853376
Globe,C1COCHP00,WATER,2020,0.00264811450176
Globe,C1COCHP00,WATER,2021,0.00256180046976
Globe,C1COCHP00,WATER,2022,0.00247548643776
Globe,C1COCHP00,WATER,2023,0.00239262496704
Globe,C1COCHP00,WATER,2024,0.0023063109350399996
Globe,C1COCHP00,WATER,2025,0.0022199969030400005
Globe,C1COCHP00,WATER,2026,0.00213368287104
Globe,C1COCHP00,WATER,2027,0.00205082140032
Globe,C1COCHP00,WATER,2028,0.0019645073683200003
Globe,C1COCHP00,WATER,2029,0.00187819333632
Globe,C1COCHP00,WATER,2030,0.0017918793043200003
Globe,C1COCHP00,WATER,2031,0.0017090178336000002
Globe,C1COCHP00,WATER,2032,0.0016227038016
Globe,C1COCHP00,WATER,2033,0.0006485500736046429
Globe,C1COCHP00,WATER,2034,0.00013145251795199998
Globe,C1COCHP00,WATER,2035,0.0001239409454976
Globe,C1COCHP00,WATER,2036,0.00011611639085760001
Globe,C1COCHP00,WATER,2037,0.0001082918362176
Globe,C1COCHP00,WATER,2038,0.0001007802637632
Globe,C1COCHP00,WATER,2039,9.29557091232e-05
Globe,C1COCHP00,WATER,2040,8.51311544832e-05
Globe,C1COCHP00,WATER,2041,7.730659984320001e-05
Globe,C1COCHP00,WATER,2042,6.97950273888e-05
Globe,C1COCHP00,WATER,2043,6.19704727488e-05
Globe,C1COCHP00,WATER,2044,5.41459181088e-05
Globe,C1COCHP00,WATER,2045,4.63213634688e-05
Globe,C1COCHP00,WATER,2046,3.88097910144e-05
Globe,C1COCHP00,WATER,2047,3.09852363744e-05
Globe,C1COCHP00,WATER,2048,2.31606817344e-05
Globe,C1COCHP00,WATER,2049,1.53361270944e-05
Globe,C1COCHP00,WATER,2050,7.824554640000001e-06
Globe,C1COCHP00,WATER,2051,7.824554640000001e-06
Globe,C1COCHP00,WATER,2052,7.824554640000001e-06
Globe,C1COCHP00,WATER,2053,7.824554640000001e-06
Globe,C1COCHP00,WATER,2054,7.824554640000001e-06
Globe,C1COCHP00,WATER,2055,8.6314032e-05
Globe,C1COCHP00,WATER,2056,8.6314032e-05
Globe,C1COCHP00,WATER,2057,5.082207732e-05
Globe,C1COCHP00,WATER,2058,8.6314032e-05
Globe,C1COCHP00,WATER,2059,8.6314032e-05
Globe,C1COCHP00,WATER,2060,8.6314032e-05
Globe,C1COHTF03,WATER,2010,0.055379436134399995
Globe,C1COHTF03,WATER,2011,0.059287276339200015
Globe,C1COHTF03,WATER,2012,0.06319087810559999
Globe,C1COHTF03,WATER,2013,0.0670987183104
Globe,C1COHTF03,WATER,2014,0.07100655851520002
Globe,C1COHTF03,WATER,2015,0.07491439872
Globe,C1COHTF03,WATER,2016,0.07881800048640002
Globe,C1COHTF03,WATER,2017,0.08272584069120001
Globe,C1COHTF03,WATER,2018,0.08663368089600001
Globe,C1COHTF03,WATER,2019,0.0905372826624
Globe,C1COHTF03,WATER,2020,0.09444512286720001
Globe,C1COHTF03,WATER,2021,0.09835296307200002
Globe,C1COHTF03,WATER,2022,0.1022565648384
Globe,C1COHTF03,WATER,2023,0.10616440504320003
Globe,C1COHTF03,WATER,2024,0.11007224524800001
Globe,C1COHTF03,WATER,2025,0.1139800854528
Globe,C1COHTF03,WATER,2026,0.10808017919999999
Globe,C1COHTF03,WATER,2027,0.11443783680000001
Globe,C1COHTF03,WATER,2028,0.11949400142662556
Globe,C1COHTF03,WATER,2029,0.12120008969489522
Globe,C1COHTF03,WATER,2030,0.11791463838753995
Globe,C1COHTF03,WATER,2031,0.11835719659430148
Globe,C1COHTF03,WATER,2032,0.12045830195847748
Globe,C1COHTF03,WATER,2033,0.12045830195847752
Globe,C1COHTF03,WATER,2034,0.12045830195847751
Globe,C1COHTF03,WATER,2035,0.11894609333388666
Globe,C1COHTF03,WATER,2036,0.11651084089880723
Globe,C1COHTF03,WATER,2037,0.11370048614290883
Globe,C1COHTF03,WATER,2038,0.10968810248234331
Globe,C1COHTF03,WATER,2039,0.10569505435727941
Globe,C1COHTF03,WATER,2040,0.10173902707086625
Globe,C1COHTF03,WATER,2041,0.09800849692300162
Globe,C1COHTF03,WATER,2042,0.09433207817407747
Globe,C1COHTF03,WATER,2043,0.09144524371326603
Globe,C1COHTF03,WATER,2044,0.0890589612931997
Globe,C1COHTF03,WATER,2045,0.0866113908219201
Globe,C1COHTF03,WATER,2046,0.08811450079858443
Globe,C1COHTF03,WATER,2047,0.08555475917320075
Globe,C1COHTF03,WATER,2048,0.08301614114702865
Globe,C1COHTF03,WATER,2049,0.07647294723919666
Globe,C1COHTF03,WATER,2050,0.0738745680471476
Globe,C1COHTF03,WATER,2051,0.06625040676173652
Globe,C1COHTF03,WATER,2052,0.06625040676173648
Globe,C1COHTF03,WATER,2053,0.06456432971979736
Globe,C1COHTF03,WATER,2054,0.06389083651130556
Globe,C1COHTF03,WATER,2055,0.06371858263585127
Globe,C1COHTF03,WATER,2056,0.060925239430679165
Globe,C1COHTF03,WATER,2057,0.05801591717969968
Globe,C1COHTF03,WATER,2058,0.05479098955164172
Globe,C1COHTF03,WATER,2059,0.05214183297298387
Globe,C1COHTF03,WATER,2060,0.04876833616903321
Globe,C1COIGP00,WATER,2010,0.00011258352
Globe,C1COIGP00,WATER,2011,0.00011258352
Globe,C1COIGP00,WATER,2012,0.00011258352
Globe,C1COIGP00,WATER,2013,0.0001381024512
Globe,C1COIGP00,WATER,2014,0.0001381024512
Globe,C1COIGP00,WATER,2015,0.0001381024512
Globe,C1COIGP00,WATER,2016,0.0001381024512
Globe,C1COIGP00,WATER,2017,1.2519287423999999e-05
Globe,C1COIGP00,WATER,2018,1.2519287423999999e-05
Globe,C1COIGP00,WATER,2019,1.2519287423999999e-05
Globe,C1COIGP00,WATER,2020,1.2519287423999999e-05
Globe,C1COIGP00,WATER,2021,1.2519287423999999e-05
Globe,C1COIGP00,WATER,2022,1.2519287423999999e-05
Globe,C1COIGP00,WATER,2023,1.2519287423999999e-05
Globe,C1COIGP00,WATER,2024,1.2519287423999999e-05
Globe,C1COIGP00,WATER,2025,1.2519287423999999e-05
Globe,C1COIGP00,WATER,2026,1.2519287423999999e-05
Globe,C1COIGP00,WATER,2027,1.2519287423999999e-05
Globe,C1COIGP00,WATER,2028,1.2519287423999999e-05
Globe,C1COIGP00,WATER,2029,1.2519287423999999e-05
Globe,C1COIGP00,WATER,2030,1.2519287423999999e-05
Globe,C1COIGP00,WATER,2031,1.2519287423999999e-05
Globe,C1COIGP00,WATER,2032,0.0001381024512
Globe,C1COIGP00,WATER,2033,0.0001381024512
Globe,C1COIGP00,WATER,2034,0.0001381024512
Globe,C1COIGP00,WATER,2035,0.0001381024512
Globe,C1COIGP00,WATER,2036,0.0001381024512
Globe,C1COIGP00,WATER,2037,0.0001381024512
Globe,C1COIGP00,WATER,2038,0.0001381024512
Globe,C1COIGP00,WATER,2039,0.0001381024512
Globe,C1COIGP00,WATER,2040,0.0001381024512
Globe,C1COIGP00,WATER,2041,0.0001381024512
Globe,C1COIGP00,WATER,2042,0.0001381024512
Globe,C1COIGP00,WATER,2043,0.0001381024512
Globe,C1COIGP00,WATER,2044,0.0001381024512
Globe,C1COIGP00,WATER,2045,0.0001381024512
Globe,C1COIGP00,WATER,2046,0.0001381024512
Globe,C1COIGP00,WATER,2047,0.0001381024512
Globe,C1COIGP00,WATER,2048,0.0001381024512
Globe,C1COIGP00,WATER,2049,0.0001381024512
Globe,C1COLP000,WATER,2037,3.8836023493356075e-06
Globe,C1COLP000,WATER,2038,0.00014808326467002193
Globe,C1COLP000,WATER,2039,0.0003103968003021225
Globe,C1COLP000,WATER,2040,0.0005870800642254583
Globe,C1COLP000,WATER,2041,0.0005870800642254583
Globe,C1COLP000,WATER,2042,0.0005870800642254583
Globe,C1COLP000,WATER,2043,0.0005870800642254577
Globe,C1COLP000,WATER,2044,0.0005870800642254622
Globe,C1COLP000,WATER,2045,0.0005870800642254583
Globe,C1COLP000,WATER,2049,0.0005870800642254583
Globe,C1COLP000,WATER,2050,0.0005870800642254583
Globe,C1COLP000,WATER,2051,0.0005870800642254582
Globe,C1COLP000,WATER,2052,0.0001232526047016537
Globe,C1COSCP00,WATER,2010,0.38949186441600003
Globe,C1COSCP00,WATER,2011,0.38697444963002875
Globe,C1COSCP00,WATER,2012,0.3841122459534336
Globe,C1COSCP00,WATER,2013,0.4046543436021191
Globe,C1COSCP00,WATER,2014,0.40077449719811276
Globe,C1COSCP00,WATER,2015,0.3965514024859632
Globe,C1COSCP00,WATER,2016,0.42417724211646335
Globe,C1COSCP00,WATER,2017,0.41875227963647993
Globe,C1COSCP00,WATER,2018,0.4060347701616
Globe,C1COSCP00,WATER,2019,0.38699730384537057
Globe,C1COSCP00,WATER,2020,0.3407105654495961
Globe,C1COSCP00,WATER,2021,0.3117586981365602
Globe,C1COSCP00,WATER,2022,0.32608120290560344
Globe,C1COSCP00,WATER,2023,0.29873695755424995
Globe,C1COSCP00,WATER,2024,0.2637662186490339
Globe,C1COSCP00,WATER,2025,0.23281924576239527
Globe,C1COSCP00,WATER,2026,0.21233774214984877
Globe,C1COSCP00,WATER,2027,0.23981015504187092
Globe,C1COSCP00,WATER,2028,0.2354256502878478
Globe,C1COSCP00,WATER,2029,0.2375661772870675
Globe,C1COSCP00,WATER,2030,0.22723104076054204
Globe,C1COSCP00,WATER,2031,0.24094709999711994
Globe,C1COSCP00,WATER,2032,0.22826386952351999
Globe,C1COSCP00,WATER,2033,0.23661437736956759
Globe,C1COSCP00,WATER,2034,0.22916132944058287
Globe,C1COSCP00,WATER,2035,0.2164438199657028
Globe,C1COSCP00,WATER,2036,0.20890684868629628
Globe,C1COSCP00,WATER,2037,0.2123888551806575
Globe,C1COSCP00,WATER,2038,0.220718420835789
Globe,C1COSCP00,WATER,2039,0.22879441491608704
Globe,C1COSCP00,WATER,2040,0.23468438685289092
Globe,C1COSCP00,WATER,2041,0.24858185079418532
Globe,C1COSCP00,WATER,2042,0.24427269668292118
Globe,C1COSCP00,WATER,2043,0.23578551643925927
Globe,C1COSCP00,WATER,2044,0.22310228596565923
Globe,C1COSCP00,WATER,2045,0.21038477649077916
Globe,C1COSCP00,WATER,2046,0.19770154601717932
Globe,C1COSCP00,WATER,2047,0.1849840365422992
Globe,C1COSCP00,WATER,2048,0.17230080606869919
Globe,C1COSCP00,WATER,2049,0.1595832965938192
Globe,C1COSCP00,WATER,2050,0.14724285613301918
Globe,C1COSCP00,WATER,2051,0.14406632888458562
Globe,C1COSCP00,WATER,2052,0.11705481785188618
Globe,C1COSCP00,WATER,2053,0.08670136811818735
Globe,C1COSCP00,WATER,2054,0.054197654585347976
Globe,C1COSCP00,WATER,2055,0.03957976233980269
Globe,C1COSCP00,WATER,2056,0.027320265937786276
Globe,C1COSCP00,WATER,2057,0.013347885001623698
Globe,C1COSCP00,WATER,2058,0.013347885001623698
Globe,C1COSCP00,WATER,2059,0.013347885001623698
Globe,C1COSCP00,WATER,2060,0.013347885001623698
Globe,C1GOCVP00,WATER,2010,0.00035920765439999996
Globe,C1GOCVP00,WATER,2011,0.000349671168
Globe,C1GOCVP00,WATER,2012,0.0003401346816
Globe,C1GOCVP00,WATER,2013,0.00033794482176
Globe,C1GOCVP00,WATER,2014,0.00032819641344
Globe,C1GOCVP00,WATER,2015,0.00032169747456000004
Globe,C1GOCVP00,WATER,2016,0.00031194906624
Globe,C1GOCVP00,WATER,2017,0.00030220065792
Globe,C1GOCVP00,WATER,2018,0.0002924522496
Globe,C1GOCVP00,WATER,2019,0.00028270384128
Globe,C1GOCVP00,WATER,2020,0.0002762049024
Globe,C1GOCVP00,WATER,2021,0.00026645649408
Globe,C1GOCVP00,WATER,2022,0.00025670808576
Globe,C1GOCVP00,WATER,2023,0.00024695967744000003
Globe,C1GOCVP00,WATER,2024,0.00023721126911999997
Globe,C1GOCVP00,WATER,2025,0.00022746286079999996
Globe,C1GOCVP00,WATER,2026,0.00022096392192000002
Globe,C1GOCVP00,WATER,2027,0.0002112155136
Globe,C1GOCVP00,WATER,2028,0.00020146710528000004
Globe,C1GOCVP00,WATER,2029,0.00019171869696000003
Globe,C1GOCVP00,WATER,2030,0.00018197028864000002
Globe,C1GOCVP00,WATER,2031,0.00017547134976000003
Globe,C1GOCVP00,WATER,2032,0.0018456986419199998
Globe,C1GOCVP00,WATER,2033,0.0019529311334400001
Globe,C1GOCVP00,WATER,2034,0.00205691415552
Globe,C1GOCVP00,WATER,2035,0.0021608971776000004
Globe,C1GOCVP00,WATER,2036,0.00228762648576
Globe,C1GOCVP00,WATER,2037,0.00241435579392
Globe,C1GOCVP00,WATER,2038,0.0025410851020800005
Globe,C1GOCVP00,WATER,2039,0.00266781441024
Globe,C1GOCVP00,WATER,2040,0.0027945437183999997
Globe,C1GOCVP00,WATER,2041,0.0029862624153599994
Globe,C1GOCVP00,WATER,2042,0.0031779811123200004
Globe,C1GOCVP00,WATER,2043,0.0033696998092799997
Globe,C1GOCVP00,WATER,2044,0.003561418506239999
Globe,C1GOCVP00,WATER,2045,0.003753137203199999
Globe,C1GOCVP00,WATER,2046,0.0039058622668799985
Globe,C1GOCVP00,WATER,2047,0.004058587330559999
Globe,C1GOCVP00,WATER,2048,0.004214561863679999
Globe,C1GOCVP00,WATER,2049,0.004367286927359999
Globe,C1GOCVP00,WATER,2050,0.004520011991039999
Globe,C1GOCVP00,WATER,2051,0.004520011991039999
Globe,C1GOCVP00,WATER,2052,0.004520011991039999
Globe,C1GOCVP00,WATER,2053,0.004520011991039999
Globe,C1GOCVP00,WATER,2054,0.004520011991039999
Globe,C1GOCVP00,WATER,2055,0.004520011991039999
Globe,C1GOCVP00,WATER,2056,0.004520011991039999
Globe,C1GOCVP00,WATER,2057,0.004520011991039999
Globe,C1GOCVP00,WATER,2058,0.004520011991039999
Globe,C1GOCVP00,WATER,2059,0.004520011991039999
Globe,C1GOCVP00,WATER,2060,0.004520011991039999
Globe,C1GOHTF03,WATER,2010,0.0005499373823999999
Globe,C1GOHTF03,WATER,2011,0.0005276855808000001
Globe,C1GOHTF03,WATER,2012,0.0005022549504
Globe,C1GOHTF03,WATER,2013,0.0004800031488
Globe,C1GOHTF03,WATER,2014,0.0004577513472
Globe,C1GOHTF03,WATER,2015,0.00043549954559999997
Globe,C1GOHTF03,WATER,2016,0.000413247744
Globe,C1GOHTF03,WATER,2017,0.0003878171136
Globe,C1GOHTF03,WATER,2018,0.000365565312
Globe,C1GOHTF03,WATER,2019,0.00034331351039999997
Globe,C1GOHTF03,WATER,2020,0.0003210617088
Globe,C1GOHTF03,WATER,2021,0.0002988099072
Globe,C1GOHTF03,WATER,2022,0.00027337927679999994
Globe,C1GOHTF03,WATER,2023,0.0002511274752
Globe,C1GOHTF03,WATER,2024,0.00022887567360000002
Globe,C1GOHTF03,WATER,2025,0.00020662387199999998
Globe,C1GOHTF03,WATER,2026,0.0001843720704
Globe,C1GOHTF03,WATER,2027,0.00015894143999999999
Globe,C1GOHTF03,WATER,2028,0.00013668963839999997
Globe,C1GOHTF03,WATER,2029,0.0001144378368
Globe,C1GOHTF03,WATER,2030,9.21860352e-05
Globe,C1GOHTF03,WATER,2031,6.993423359999998e-05
Globe,C1GOHTF03,WATER,2032,4.450360319999999e-05
Globe,C1GOHTF03,WATER,2033,2.2251801599999995e-05
Globe,C1GOHTF03,WATER,2053,0.0016728653662915086
Globe,C1GOHTF03,WATER,2054,0.0033231126542484363
Globe,C1GOHTF03,WATER,2055,0.006946277650010724
Globe,C1GOHTF03,WATER,2056,0.011850791025702603
Globe,C1GOHTF03,WATER,2057,0.015592411248093355
Globe,C1GOHTF03,WATER,2058,0.015592411248093352
Globe,C1GOHTF03,WATER,2059,0.02140408748669203
Globe,C1GOHTF03,WATER,2060,0.02713637097411699
Globe,C1HFGCP00,WATER,2010,0.0029144375102592005
Globe,C1HFGCP00,WATER,2011,0.004125777836486083
Globe,C1HFGCP00,WATER,2012,0.005245417207062144
Globe,C1HFGCP00,WATER,2013,0.006276124191388435
Globe,C1HFGCP00,WATER,2014,0.00721522746547004
Globe,C1HFGCP00,WATER,2015,0.008065301107895741
Globe,C1HFGCP00,WATER,2016,0.008823868285482893
Globe,C1HFGCP00,WATER,2017,0.009496416051993601
Globe,C1HFGCP00,WATER,2018,0.0090831230759088
Globe,C1HFGCP00,WATER,2019,0.008669830099824001
Globe,C1HFGCP00,WATER,2020,0.0082565371237392
Globe,C1HFGCP00,WATER,2021,0.0078432441476544
Globe,C1HFGCP00,WATER,2022,0.0074299511715696
Globe,C1HFGCP00,WATER,2023,0.0070166581954848005
Globe,C1HFGCP00,WATER,2024,0.0066064726853856
Globe,C1HFGCP00,WATER,2025,0.0067868082887531924
Globe,C1HFGCP00,WATER,2026,0.005779886733216
Globe,C1HFGCP00,WATER,2027,0.005366593757131201
Globe,C1HFGCP00,WATER,2028,0.0049533007810464
Globe,C1HFGCP00,WATER,2029,0.0045400078049616
Globe,C1HFGCP00,WATER,2030,0.0041298222948624
Globe,C1HFGCP00,WATER,2031,0.0037165293187776003
Globe,C1HFGCP00,WATER,2032,0.0033032363426928
Globe,C1HFGCP00,WATER,2033,0.002889943366608
Globe,C1HFGCP00,WATER,2034,0.0024766503905232
Globe,C1HFGCP00,WATER,2035,0.0020633574144384
Globe,C1HFGCP00,WATER,2036,0.0016500644383536
Globe,C1HFGCP00,WATER,2037,0.0012398789282544
Globe,C1HFGCP00,WATER,2038,0.0008265859521696001
Globe,C1HFGCP00,WATER,2039,0.00041329297608480006
Globe,C1HFGCPCH,WATER,2010,0.0006417260640000002
Globe,C1HFGCPCH,WATER,2011,0.0011708354952
Globe,C1HFGCPCH,WATER,2012,0.0017976990996719999
Globe,C1HFGCPCH,WATER,2013,0.0025197185160000008
Globe,C1HFGCPCH,WATER,2014,0.003337103458584
Globe,C1HFGCPCH,WATER,2015,0.0042470701784784
Globe,C1HFGCPCH,WATER,2016,0.005255023435199998
Globe,C1HFGCPCH,WATER,2017,0.005950226671199999
Globe,C1HFGCPCH,WATER,2018,0.006641864762399997
Globe,C1HFGCPCH,WATER,2019,0.007337067998399998
Globe,C1HFGCPCH,WATER,2020,0.007319242274399997
Globe,C1HFGCPCH,WATER,2021,0.007301416550399998
Globe,C1HFGCPCH,WATER,2022,0.0072800256815999985
Globe,C1HFGCPCH,WATER,2023,0.007262199957599998
Globe,C1HFGCPCH,WATER,2024,0.007244374233599998
Globe,C1HFGCPCH,WATER,2025,0.007222983364799997
Globe,C1HFGCPCH,WATER,2026,0.007130289599999998
Globe,C1HFGCPCH,WATER,2027,0.007130289599999998
Globe,C1HFGCPCH,WATER,2028,0.007130289599999998
Globe,C1HFGCPCH,WATER,2029,0.007130289599999998
Globe,C1HFGCPCH,WATER,2030,0.007130289599999998
Globe,C1HFGCPCH,WATER,2031,0.005656343436815937
Globe,C1HFGCPCH,WATER,2032,0.002619438366226712
Globe,C1HFGCPCH,WATER,2033,0.0016578655211552404
Globe,C1HFGCPCH,WATER,2034,0.0012569353881860894
Globe,C1HFGCPCH,WATER,2035,0.0008657777457081461
Globe,C1HFGCPCH,WATER,2036,0.0005007714969600001
Globe,C1HFGCPCH,WATER,2037,0.0004381750598400001
Globe,C1HFGCPCH,WATER,2038,0.00037557862272
Globe,C1HFGCPCH,WATER,2039,0.00031298218560000006
Globe,C1HFGCPCH,WATER,2040,0.00025038574848000003
Globe,C1HFGCPCH,WATER,2041,0.00018778931136
Globe,C1HFGCPCH,WATER,2042,0.00012519287424000002
Globe,C1HFGCPCH,WATER,2043,6.259643712000001e-05
Globe,C1HYDMP00,WATER,2010,2.602372921344
Globe,C1HYDMP00,WATER,2011,2.6250948899134845
Globe,C1HYDMP00,WATER,2012,2.6457837546381695
Globe,C1HYDMP00,WATER,2013,2.665716304732589
Globe,C1HYDMP00,WATER,2014,2.6842500793817856
Globe,C1HYDMP00,WATER,2015,2.7013850785857603
Globe,C1HYDMP00,WATER,2016,2.7165195036064516
Globe,C1HYDMP00,WATER,2017,2.7308650843353606
Globe,C1HYDMP00,WATER,2018,2.6934559735910404
Globe,C1HYDMP00,WATER,2019,2.65604686284672
Globe,C1HYDMP00,WATER,2020,2.6186377521024
Globe,C1HYDMP00,WATER,2021,2.5812286413580803
Globe,C1HYDMP00,WATER,2022,2.5438195306137605
Globe,C1HYDMP00,WATER,2023,2.50641041986944
Globe,C1HYDMP00,WATER,2024,2.4690013091251197
Globe,C1HYDMP00,WATER,2025,2.4315921983808
Globe,C1HYDMP00,WATER,2026,2.39418308763648
Globe,C1HYDMP00,WATER,2027,2.3567739768921605
Globe,C1HYDMP00,WATER,2028,2.31936486614784
Globe,C1HYDMP00,WATER,2029,2.2819557554035197
Globe,C1HYDMP00,WATER,2030,2.7200861880192
Globe,C1HYDMP00,WATER,2031,3.1582166206348803
Globe,C1HYDMP00,WATER,2032,3.5963470532505597
Globe,C1HYDMP00,WATER,2033,4.03447748586624
Globe,C1HYDMP00,WATER,2034,4.47260791848192
Globe,C1HYDMP00,WATER,2035,4.910738351097601
Globe,C1HYDMP00,WATER,2036,5.225862555164161
Globe,C1HYDMP00,WATER,2037,5.279440010382721
Globe,C1HYDMP00,WATER,2038,5.333334491963519
Globe,C1HYDMP00,WATER,2039,5.386911947182078
Globe,C1HYDMP00,WATER,2040,5.4404894024006385
Globe,C1HYDMP00,WATER,2041,5.488043356736639
Globe,C1HYDMP00,WATER,2042,5.535597311072639
Globe,C1HYDMP00,WATER,2043,5.583151265408638
Globe,C1HYDMP00,WATER,2044,5.630705219744639
Globe,C1HYDMP00,WATER,2045,5.678259174080639
Globe,C1HYDMP00,WATER,2046,5.71091288939136
Globe,C1HYDMP00,WATER,2047,5.743566604702079
Globe,C1HYDMP00,WATER,2048,5.7762203200128
Globe,C1HYDMP00,WATER,2049,5.8088740353235195
Globe,C1HYDMP00,WATER,2050,5.841527750634239
Globe,C1HYDMP00,WATER,2051,5.841527750634239
Globe,C1HYDMP00,WATER,2052,5.84152775063424
Globe,C1HYDMP00,WATER,2053,5.841527750634239
Globe,C1HYDMP00,WATER,2054,5.841527750634239
Globe,C1HYDMP00,WATER,2055,5.841527750634239
Globe,C1HYDMP00,WATER,2056,5.841527750634239
Globe,C1HYDMP00,WATER,2057,5.841527750634239
Globe,C1HYDMP00,WATER,2058,5.841527750634239
Globe,C1HYDMP00,WATER,2059,5.841527750634239
Globe,C1HYDMP00,WATER,2060,5.841527750634239
Globe,C1HYMIP00,WATER,2010,0.19877552912448
Globe,C1HYMIP00,WATER,2011,0.19623931822656
Globe,C1HYMIP00,WATER,2012,0.19402013369088003
Globe,C1HYMIP00,WATER,2013,0.19148392279296
Globe,C1HYMIP00,WATER,2014,0.18894771189503995
Globe,C1HYMIP00,WATER,2015,0.18641150099711998
Globe,C1HYMIP00,WATER,2016,0.1838752900992
Globe,C1HYMIP00,WATER,2017,0.18133907920127998
Globe,C1HYMIP00,WATER,2018,0.17880286830336
Globe,C1HYMIP00,WATER,2019,0.17658368376768
Globe,C1HYMIP00,WATER,2020,0.17404747286976002
Globe,C1HYMIP00,WATER,2021,0.17151126197184
Globe,C1HYMIP00,WATER,2022,0.16897505107392
Globe,C1HYMIP00,WATER,2023,0.16643884017600002
Globe,C1HYMIP00,WATER,2024,0.16390262927808
Globe,C1HYMIP00,WATER,2025,0.16168344474239998
Globe,C1HYMIP00,WATER,2026,0.15914723384447998
Globe,C1HYMIP00,WATER,2027,0.15661102294655999
Globe,C1HYMIP00,WATER,2028,0.15407481204864001
Globe,C1HYMIP00,WATER,2029,0.15153860115072
Globe,C1HYMIP00,WATER,2030,0.14900239025280002
Globe,C1HYMIP00,WATER,2031,0.14678320571712
Globe,C1HYMIP00,WATER,2032,0.14424699481920003
Globe,C1HYMIP00,WATER,2033,0.14171078392127998
Globe,C1HYMIP00,WATER,2034,0.13917457302336003
Globe,C1HYMIP00,WATER,2035,0.13663836212544
Globe,C1HYMIP00,WATER,2036,0.13410215122752
Globe,C1HYMIP00,WATER,2037,0.13188296669184
Globe,C1HYMIP00,WATER,2038,0.12934675579392002
Globe,C1HYMIP00,WATER,2039,0.126810544896
Globe,C1HYMIP00,WATER,2040,0.12427433399808001
Globe,C1HYMIP00,WATER,2041,0.12173812310016001
Globe,C1HYMIP00,WATER,2042,0.11920191220224001
Globe,C1HYMIP00,WATER,2043,0.11666570130432
Globe,C1HYMIP00,WATER,2044,0.11444651676863998
Globe,C1HYMIP00,WATER,2045,0.11191030587071998
Globe,C1HYMIP00,WATER,2046,0.10937409497280001
Globe,C1HYMIP00,WATER,2047,0.10683788407488
Globe,C1HYMIP00,WATER,2048,0.10430167317696
Globe,C1HYMIP00,WATER,2049,0.10176546227904
Globe,C1HYMIP00,WATER,2050,0.09954627774336
Globe,C1HYMIP00,WATER,2051,0.09954627774336
Globe,C1HYMIP00,WATER,2052,0.09954627774336
Globe,C1HYMIP00,WATER,2053,0.09954627774336
Globe,C1HYMIP00,WATER,2054,0.09954627774336
Globe,C1HYMIP00,WATER,2055,0.09954627774336
Globe,C1HYMIP00,WATER,2056,0.09954627774336
Globe,C1HYMIP00,WATER,2057,0.09954627774336
Globe,C1HYMIP00,WATER,2058,0.09954627774336
Globe,C1HYMIP00,WATER,2059,0.09954627774336
Globe,C1HYMIP00,WATER,2060,0.09954627774336
Globe,C1LFCCP00,WATER,2010,0.00158899055616
Globe,C1LFCCP00,WATER,2011,0.0016267290818688003
Globe,C1LFCCP00,WATER,2012,0.0016580872743321598
Globe,C1LFCCP00,WATER,2013,0.0016830651335500801
Globe,C1LFCCP00,WATER,2014,0.0017018917471180802
Globe,C1LFCCP00,WATER,2015,0.00172042509606912
Globe,C1LFCCP00,WATER,2016,0.00172654303465728
Globe,C1LFCCP00,WATER,2017,0.00172628064
Globe,C1LFCCP00,WATER,2018,0.0016943356414709316
Globe,C1LFCCP00,WATER,2019,0.007551825485505231
Globe,C1LFCCP00,WATER,2020,0.007474751238621138
Globe,C1LFCCP00,WATER,2021,0.007397676991737043
Globe,C1LFCCP00,WATER,2022,0.007327609494569686
Globe,C1LFCCP00,WATER,2023,0.007250535247685592
Globe,C1LFCCP00,WATER,2024,0.007173461000801496
Globe,C1LFCCP00,WATER,2025,0.007096386753917401
Globe,C1LFCCP00,WATER,2026,0.007019312507033305
Globe,C1LFCCP00,WATER,2027,0.001465605709919817
Globe,C1LFCCP00,WATER,2028,0.0007215476250386391
Globe,C1LFCCP00,WATER,2029,0.0007134469096466391
Globe,C1LFCCP00,WATER,2030,0.0018486474840418157
Globe,C1LFCCP00,WATER,2031,0.000697981907534639
Globe,C1LFCCP00,WATER,2032,0.004292863655641932
Globe,C1LFCCP00,WATER,2033,0.001734369212651449
Globe,C1LFCCP00,WATER,2034,0.0006736797613586391
Globe,C1LFCCP00,WATER,2035,0.000665579045966639
Globe,C1LFCCP00,WATER,2036,0.000657478330574639
Globe,C1LFCCP00,WATER,2037,0.000650114043854639
Globe,C1LFCCP00,WATER,2038,0.000642013328462639
Globe,C1LFCCP00,WATER,2039,0.0006339126130706391
Globe,C1LFCCP00,WATER,2040,0.0006258118976786391
Globe,C1LFCCP00,WATER,2041,0.0006258118976786391
Globe,C1LFCCP00,WATER,2042,0.0006258118976786391
Globe,C1LFCCP00,WATER,2043,0.0006258118976786391
Globe,C1LFCCP00,WATER,2044,0.0006258118976786391
Globe,C1LFCCP00,WATER,2045,0.0006258118976786391
Globe,C1LFCCP00,WATER,2046,0.005954286550089431
Globe,C1LFCCP00,WATER,2047,0.005954286550089434
Globe,C1LFCCP00,WATER,2048,0.0021202838437239056
Globe,C1NG00I00,CO2EQ,2010,5.434180619999999
Globe,C1NG00I00,CO2EQ,2011,5.5187650999999995
Globe,C1NG00I00,CO2EQ,2012,5.603349580000001
Globe,C1NG00I00,CO2EQ,2013,5.68793406
Globe,C1NG00I00,CO2EQ,2014,5.772518539999999
Globe,C1NG00I00,CO2EQ,2015,5.85709799
Globe,C1NG00I00,CO2EQ,2016,5.857097989999998
Globe,C1NG00I00,CO2EQ,2017,5.85709799
Globe,C1NG00I00,CO2EQ,2018,5.85709799
Globe,C1NG00I00,CO2EQ,2019,5.85709799
Globe,C1NG00I00,CO2EQ,2020,5.857097989999999
Globe,C1NG00I00,CO2EQ,2021,5.85709799
Globe,C1NG00I00,CO2EQ,2022,5.857097989999999
Globe,C1NG00I00,CO2EQ,2023,5.706197989999999
Globe,C1NG00I00,CO2EQ,2024,5.55529799
Globe,C1NG00I00,CO2EQ,2025,5.404397989999999
Globe,C1NG00I00,CO2EQ,2026,5.2534979900000005
Globe,C1NG00I00,CO2EQ,2027,5.10259799
Globe,C1NG00I00,CO2EQ,2028,4.9516979899999995
Globe,C1NG00I00,CO2EQ,2029,4.800797989999999
Globe,C1NG00I00,CO2EQ,2030,4.6498979899999995
Globe,C1NG00I00,CO2EQ,2031,4.4989979899999994
Globe,C1NG00I00,CO2EQ,2032,4.348097989999999
Globe,C1NG00I00,CO2EQ,2033,4.1971979899999985
Globe,C1NG00I00,CO2EQ,2034,4.046297989999999
Globe,C1NG00I00,CO2EQ,2035,3.895397989999999
Globe,C1NG00I00,CO2EQ,2036,3.7444979899999993
Globe,C1NG00I00,CO2EQ,2037,3.5935979899999992
Globe,C1NG00I00,CO2EQ,2038,3.4426979899999997
Globe,C1NG00I00,CO2EQ,2039,3.2917979899999996
Globe,C1NG00I00,CO2EQ,2040,3.14089799
Globe,C1NG00I00,CO2EQ,2041,2.98999799
Globe,C1NG00I00,CO2EQ,2042,2.83909799
Globe,C1NG00I00,CO2EQ,2043,2.6881979899999995
Globe,C1NG00I00,CO2EQ,2044,2.5372979899999994
Globe,C1NG00I00,CO2EQ,2045,2.3863979900000003
Globe,C1NG00I00,CO2EQ,2046,2.23549799
Globe,C1NG00I00,CO2EQ,2047,2.0845979900000002
Globe,C1NG00I00,CO2EQ,2048,1.9336979899999998
Globe,C1NG00I00,CO2EQ,2049,1.7827979900000002
Globe,C1NG00I00,CO2EQ,2050,1.6323055780533928
Globe,C1NG00I00,CO2EQ,2051,1.63189799
Globe,C1NG00I00,CO2EQ,2052,1.6318979899999997
Globe,C1NG00I00,CO2EQ,2053,1.6318979900000001
Globe,C1NG00I00,CO2EQ,2054,1.6318979900000001
Globe,C1NG00I00,CO2EQ,2055,1.63189799
Globe,C1NG00I00,CO2EQ,2056,1.6318979900000001
Globe,C1NG00I00,CO2EQ,2057,1.63189799
Globe,C1NG00I00,CO2EQ,2058,1.63189799
Globe,C1NG00I00,CO2EQ,2059,1.63189799
Globe,C1NG00I00,CO2EQ,2060,1.6318979900000001
Globe,C1NGCCP00,WATER,2010,0.027802831392000002
Globe,C1NGCCP00,WATER,2011,0.029564697254400002
Globe,C1NGCCP00,WATER,2012,0.03206799258091677
Globe,C1NGCCP00,WATER,2013,0.038702338041593176
Globe,C1NGCCP00,WATER,2014,0.04594622392466957
Globe,C1NGCCP00,WATER,2015,0.05499519801303811
Globe,C1NGCCP00,WATER,2016,0.06363973172932062
Globe,C1NGCCP00,WATER,2017,0.0729134439659232
Globe,C1NGCCP00,WATER,2018,0.07820967296944321
Globe,C1NGCCP00,WATER,2019,0.0835059019729632
Globe,C1NGCCP00,WATER,2020,0.08880213097648319
Globe,C1NGCCP00,WATER,2021,0.0936280115540054
Globe,C1NGCCP00,WATER,2022,0.0966833056563227
Globe,C1NGCCP00,WATER,2023,0.09764340680929802
Globe,C1NGCCP00,WATER,2024,0.09866157725263759
Globe,C1NGCCP00,WATER,2025,0.10395090113359756
Globe,C1NGCCP00,WATER,2026,0.10924713013711757
Globe,C1NGCCP00,WATER,2027,0.10969096087540775
Globe,C1NGCCP00,WATER,2028,0.11156726155038607
Globe,C1NGCCP00,WATER,2029,0.11134460446380205
Globe,C1NGCCP00,WATER,2030,0.10973571090732208
Globe,C1NGCCP00,WATER,2031,0.11286589759745767
Globe,C1NGCCP00,WATER,2032,0.11338703208843753
Globe,C1NGCCP00,WATER,2033,0.11177813853195755
Globe,C1NGCCP00,WATER,2034,0.11643492070792799
Globe,C1NGCCP00,WATER,2035,0.11584006064378541
Globe,C1NGCCP00,WATER,2036,0.11423116708730542
Globe,C1NGCCP00,WATER,2037,0.1126222735308254
Globe,C1NGCCP00,WATER,2038,0.10775445161546236
Globe,C1NGCCP00,WATER,2039,0.10286836101636507
Globe,C1NGCCP00,WATER,2040,0.0979614118366898
Globe,C1NGCCP00,WATER,2041,0.09284613459945312
Globe,C1NGCCP00,WATER,2042,0.08771548403954564
Globe,C1NGCCP00,WATER,2043,0.08257212154359786
Globe,C1NGCCP00,WATER,2044,0.07741251036729645
Globe,C1NGCCP00,WATER,2045,0.07223748555708094
Globe,C1NGCCP00,WATER,2046,0.0670465385822056
Globe,C1NGCCP00,WATER,2047,0.061842270293384245
Globe,C1NGCCP00,WATER,2048,0.05662320171049367
Globe,C1NGCCP00,WATER,2049,0.051389329441084555
Globe,C1NGCCP00,WATER,2050,0.04615334848195341
Globe,C1NGCCP00,WATER,2051,0.042190301569840015
Globe,C1NGCCP00,WATER,2052,0.04219030156984002
Globe,C1NGCCP00,WATER,2053,0.04219030156984
Globe,C1NGCCP00,WATER,2054,0.04219030156984
Globe,C1NGCCP00,WATER,2055,0.03965877677846841
Globe,C1NGCCP00,WATER,2056,0.03729592826804939
Globe,C1NGCCP00,WATER,2057,0.036087275278400464
Globe,C1NGCCP00,WATER,2058,0.03606041600375235
Globe,C1NGCCP00,WATER,2059,0.035240128176976894
Globe,C1NGCCP00,WATER,2060,0.034002457687079886
Globe,C1NGCCPCH,WATER,2010,0.0034386700564766376
Globe,C1NGCCPCH,WATER,2011,0.003311516904476638
Globe,C1NGCCPCH,WATER,2012,0.0031875425812766377
Globe,C1NGCCPCH,WATER,2013,0.0031486673763565444
Globe,C1NGCCPCH,WATER,2014,0.003017982192356545
Globe,C1NGCCPCH,WATER,2015,0.0028905641379565455
Globe,C1NGCCPCH,WATER,2016,0.002759878953956545
Globe,C1NGCCPCH,WATER,2017,0.002632460899556545
Globe,C1NGCCPCH,WATER,2018,0.002505042845156545
Globe,C1NGCCPCH,WATER,2019,0.002374357661156545
Globe,C1NGCCPCH,WATER,2020,0.0022469396067565446
Globe,C1NGCCPCH,WATER,2021,0.0021162544227565448
Globe,C1NGCCPCH,WATER,2022,0.001988836368356545
Globe,C1NGCCPCH,WATER,2023,0.0018614183139565447
Globe,C1NGCCPCH,WATER,2024,0.0017307331299565444
Globe,C1NGCCPCH,WATER,2025,0.0016033150755565446
Globe,C1NGCCPCH,WATER,2026,0.0014726298915565448
Globe,C1NGCCPCH,WATER,2027,0.0013452118371565446
Globe,C1NGCCPCH,WATER,2028,0.0012145266531565445
Globe,C1NGCCPCH,WATER,2029,0.0010871085987565446
Globe,C1NGCCPCH,WATER,2030,0.0009596905443565448
Globe,C1NGCCPCH,WATER,2031,0.0008290053603565447
Globe,C1NGCCPCH,WATER,2032,0.0007015873059565446
Globe,C1NGCCPCH,WATER,2033,0.0005709021219565446
Globe,C1NGCCPCH,WATER,2034,0.0004434840675565447
Globe,C1NGGCP00,WATER,2010,0.03236744285568
Globe,C1NGGCP00,WATER,2011,0.01611323659230682
Globe,C1NGGCP00,WATER,2012,0.037004259799987914
Globe,C1NGGCP00,WATER,2013,0.052197286721235824
Globe,C1NGGCP00,WATER,2014,0.08014548257715456
Globe,C1NGGCP00,WATER,2015,0.05895143805462962
Globe,C1NGGCP00,WATER,2016,0.02288720288121905
Globe,C1NGGCP00,WATER,2017,0.009561672837691201
Globe,C1NGGCP00,WATER,2018,0.009145272395620801
Globe,C1NGGCP00,WATER,2019,0.008728871953550401
Globe,C1NGGCP00,WATER,2020,0.0083155789774656
Globe,C1NGGCP00,WATER,2021,0.0078991785353952
Globe,C1NGGCP00,WATER,2022,0.007482778093324801
Globe,C1NGGCP00,WATER,2023,0.007066377651254401
Globe,C1NGGCP00,WATER,2024,0.0066530846751696
Globe,C1NGGCP00,WATER,2025,0.01080117617175514
Globe,C1NGGCP00,WATER,2026,0.006533162421853957
Globe,C1NGGCP00,WATER,2027,0.0054038833489584
Globe,C1NGGCP00,WATER,2028,0.004987482906888
Globe,C1NGGCP00,WATER,2029,0.0045741899308032
Globe,C1NGGCP00,WATER,2030,0.0041577894887328
Globe,C1NGGCP00,WATER,2031,0.0037413890466624004
Globe,C1NGGCP00,WATER,2032,0.0033249886045920007
Globe,C1NGGCP00,WATER,2033,0.0029085881625216
Globe,C1NGGCP00,WATER,2034,0.0024952951864368003
Globe,C1NGGCP00,WATER,2035,0.0020788947443664
Globe,C1NGGCP00,WATER,2036,0.0016624943022960003
Globe,C1NGGCP00,WATER,2037,0.0012460938602256002
Globe,C1NGGCP00,WATER,2038,0.0008328008841408001
Globe,C1NGGCP00,WATER,2039,0.0004164004420704001
Globe,C1NGGCPCH,WATER,2010,0.005799375792
Globe,C1NGGCPCH,WATER,2011,0.008660321712000001
Globe,C1NGGCPCH,WATER,2012,0.009820704120660426
Globe,C1NGGCPCH,WATER,2013,0.010243615870030445
Globe,C1NGGCPCH,WATER,2014,0.010117787230030446
Globe,C1NGGCPCH,WATER,2015,0.009995104306030445
Globe,C1NGGCPCH,WATER,2016,0.009869275666030448
Globe,C1NGGCPCH,WATER,2017,0.009746592742030444
Globe,C1NGGCPCH,WATER,2018,0.009623909818030445
Globe,C1NGGCPCH,WATER,2019,0.009498081178030447
Globe,C1NGGCPCH,WATER,2020,0.009375398254030444
Globe,C1NGGCPCH,WATER,2021,0.009249569614030445
Globe,C1NGGCPCH,WATER,2022,0.009126886690030445
Globe,C1NGGCPCH,WATER,2023,0.009004203766030446
Globe,C1NGGCPCH,WATER,2024,0.008878375126030447
Globe,C1NGGCPCH,WATER,2025,0.008755692202030447
Globe,C1NGGCPCH,WATER,2026,0.008629863562030446
Globe,C1NGGCPCH,WATER,2027,0.008507180638030446
Globe,C1NGGCPCH,WATER,2028,0.008381351998030447
Globe,C1NGGCPCH,WATER,2029,0.008258669074030448
Globe,C1NGGCPCH,WATER,2030,0.008135986150030446
Globe,C1NGGCPCH,WATER,2031,0.005970365237952945
Globe,C1NGGCPCH,WATER,2032,0.004583243006207138
Globe,C1NGGCPCH,WATER,2033,0.004892266124137055
Globe,C1NGGCPCH,WATER,2034,0.00280425699402141
Globe,C1NGGCPCH,WATER,2035,0.0018961037710266372
Globe,C1NGGCPCH,WATER,2036,0.0009488193980786012
Globe,C1NGHTF03,WATER,2010,0.029363901235199996
Globe,C1NGHTF03,WATER,2011,0.028105085030400004
Globe,C1NGHTF03,WATER,2012,0.026850507263999995
Globe,C1NGHTF03,WATER,2013,0.0255959294976
Globe,C1NGHTF03,WATER,2014,0.024337113292799997
Globe,C1NGHTF03,WATER,2015,0.0230825355264
Globe,C1NGHTF03,WATER,2016,0.021823719321600002
Globe,C1NGHTF03,WATER,2017,0.020569141555200003
Globe,C1NGHTF03,WATER,2018,0.019314563788799997
Globe,C1NGHTF03,WATER,2019,0.018055747583999998
Globe,C1NGHTF03,WATER,2020,0.0168011698176
Globe,C1NGHTF03,WATER,2021,0.015546592051200002
Globe,C1NGHTF03,WATER,2022,0.014287775846399998
Globe,C1NGHTF03,WATER,2023,0.010652263921628215
Globe,C1NGHTF03,WATER,2024,0.00699397224580747
Globe,C1NGHTF03,WATER,2025,0.010519804108800001
Globe,C1NGHTF03,WATER,2026,0.0042384384
Globe,C1NGHTF03,WATER,2027,0.0042384384
Globe,C1NGHTF03,WATER,2028,0.0042384384
Globe,C1NGHTF03,WATER,2029,0.0015664929527588215
Globe,C1NGHTF03,WATER,2057,0.001047638190150773
Globe,C1NGHTF03,WATER,2058,0.007525404816952082
Globe,C1NGHTF03,WATER,2059,0.008158539595870987
Globe,C1NGHTF03,WATER,2060,0.009113828954577907
Globe,C1NU00I00,WATER,2010,0.021131996933880955
Globe,C1NU00I00,WATER,2011,0.022792720120541794
Globe,C1NU00I00,WATER,2012,0.019999210920479325
Globe,C1NU00I00,WATER,2013,0.01141997214045851
Globe,C1NU00I00,WATER,2014,0.005419275293900103
Globe,C1NU00I00,WATER,2015,0.006097932000685324
Globe,C1NU00I00,WATER,2016,0.0054337898134023364
Globe,C1NU00I00,WATER,2017,0.004466577143081317
Globe,C1NU00I00,WATER,2018,0.009025187996836114
Globe,C1NU00I00,WATER,2019,0.011183439526144668
Globe,C1NU00I00,WATER,2020,0.01916236841502854
Globe,C1NU00I00,WATER,2021,0.020540473238257546
Globe,C1NU00I00,WATER,2022,0.014147076108334041
Globe,C1NU00I00,WATER,2023,0.017240709943101982
Globe,C1NU00I00,WATER,2024,0.019136429125447683
Globe,C1NU00I00,WATER,2025,0.0185752926383616
Globe,C1NU00I00,WATER,2026,0.01801572390422784
Globe,C1NU00I00,WATER,2027,0.01746445036925952
Globe,C1NU00I00,WATER,2028,0.01690800721854336
Globe,C1NU00I00,WATER,2029,0.016353131820779517
Globe,C1NU00I00,WATER,2030,0.015806521854719997
Globe,C1NU00I00,WATER,2031,0.015277405233311999
Globe,C1NU00I00,WATER,2032,0.014754986290655999
Globe,C1NU00I00,WATER,2033,0.014225869669247998
Globe,C1NU00I00,WATER,2034,0.013696753047839998
Globe,C1NU00I00,WATER,2035,0.013174334105183998
Globe,C1NU00I00,WATER,2036,0.012645217483776002
Globe,C1NU00I00,WATER,2037,0.012116100862368
Globe,C1NU00I00,WATER,2038,0.011593681919711999
Globe,C1NU00I00,WATER,2039,0.011064565298304
Globe,C1NU00I00,WATER,2040,0.010535448676896
Globe,C1NU00I00,WATER,2041,0.010013029734240002
Globe,C1NU00I00,WATER,2042,0.012418050129710733
Globe,C1NU00I00,WATER,2043,0.011984355928639683
Globe,C1NU00I00,WATER,2044,0.016627927022535138
Globe,C1NU00I00,WATER,2045,0.021277585630207294
Globe,C1NU00I00,WATER,2046,0.02280050070818504
Globe,C1NU00I00,WATER,2047,0.027163247515168205
Globe,C1NU00I00,WATER,2048,0.03298948645642058
Globe,C1NU00I00,WATER,2049,0.038407636175135935
Globe,C1NU00I00,WATER,2050,0.041613978056303146
Globe,C1NU00I00,WATER,2051,0.04161397805630315
Globe,C1NU00I00,WATER,2052,0.04161397805630315
Globe,C1NU00I00,WATER,2053,0.04161397805630315
Globe,C1NU00I00,WATER,2054,0.04161397805630315
Globe,C1NU00I00,WATER,2055,0.04161397805630315
Globe,C1NU00I00,WATER,2056,0.04161397805630315
Globe,C1NU00I00,WATER,2057,0.04161397805630314
Globe,C1NU00I00,WATER,2058,0.04161397805630314
Globe,C1NU00I00,WATER,2059,0.041613978056303146
Globe,C1NU00I00,WATER,2060,0.041613978056303146
Globe,C1NULWP00,WATER,2010,0.11739998296600529
Globe,C1NULWP00,WATER,2011,0.1268086814263252
Globe,C1NULWP00,WATER,2012,0.11142738167174225
Globe,C1NULWP00,WATER,2013,0.06371933716777989
Globe,C1NULWP00,WATER,2014,0.0302813662104886
Globe,C1NULWP00,WATER,2015,0.034122888409632054
Globe,C1NULWP00,WATER,2016,0.030450604098650406
Globe,C1NULWP00,WATER,2017,0.02506678871480552
Globe,C1NULWP00,WATER,2018,0.05072380444607066
Globe,C1NULWP00,WATER,2019,0.06294533908868276
Globe,C1NULWP00,WATER,2020,0.10801172788681941
Globe,C1NULWP00,WATER,2021,0.11594890270134009
Globe,C1NULWP00,WATER,2022,0.07997574341379662
Globe,C1NULWP00,WATER,2023,0.0976074732034529
Globe,C1NULWP00,WATER,2024,0.10849908828672
Globe,C1NULWP00,WATER,2025,0.10547245411487999
Globe,C1NULWP00,WATER,2026,0.10244581994304
Globe,C1NULWP00,WATER,2027,0.09945749759615999
Globe,C1NULWP00,WATER,2028,0.09643086342432002
Globe,C1NULWP00,WATER,2029,0.09340422925248
Globe,C1NULWP00,WATER,2030,0.0904159069056
Globe,C1NULWP00,WATER,2031,0.08738927273376
Globe,C1NULWP00,WATER,2032,0.08440095038687999
Globe,C1NULWP00,WATER,2033,0.08137431621503999
Globe,C1NULWP00,WATER,2034,0.0783476820432
Globe,C1NULWP00,WATER,2035,0.07535935969632
Globe,C1NULWP00,WATER,2036,0.07233272552447999
Globe,C1NULWP00,WATER,2037,0.06930609135264
Globe,C1NULWP00,WATER,2038,0.06631776900576
Globe,C1NULWP00,WATER,2039,0.06329113483391999
Globe,C1NULWP00,WATER,2040,0.060264500662079994
Globe,C1NULWP00,WATER,2041,0.057276178315199995
Globe,C1NULWP00,WATER,2042,0.07103329086542352
Globe,C1NULWP00,WATER,2043,0.06855248864530519
Globe,C1NULWP00,WATER,2044,0.09511447967622981
Globe,C1NULWP00,WATER,2045,0.12171129228801703
Globe,C1NULWP00,WATER,2046,0.13042261721965928
Globe,C1NULWP00,WATER,2047,0.15537824710322556
Globe,C1NULWP00,WATER,2048,0.1887052928988667
Globe,C1NULWP00,WATER,2049,0.21969800116641544
Globe,C1NULWP00,WATER,2050,0.23803880451959417
Globe,C1NULWP00,WATER,2051,0.2380388045195941
Globe,C1NULWP00,WATER,2052,0.2380388045195941
Globe,C1NULWP00,WATER,2053,0.2380388045195941
Globe,C1NULWP00,WATER,2054,0.2380388045195941
Globe,C1NULWP00,WATER,2055,0.2380388045195941
Globe,C1NULWP00,WATER,2056,0.2380388045195941
Globe,C1NULWP00,WATER,2057,0.23803880451959417
Globe,C1NULWP00,WATER,2058,0.23803880451959417
Globe,C1NULWP00,WATER,2059,0.2380388045195941
Globe,C1NULWP00,WATER,2060,0.2380388045195941
Globe,C1OI00I00,CO2EQ,2010,11.878983040000001
Globe,C1OI00I00,CO2EQ,2011,11.921572670000003
Globe,C1OI00I00,CO2EQ,2012,11.964162300000002
Globe,C1OI00I00,CO2EQ,2013,12.006751930000002
Globe,C1OI00I00,CO2EQ,2014,12.049334470000005
Globe,C1OI00I00,CO2EQ,2015,12.091924100000002
Globe,C1OI00I00,CO2EQ,2016,12.091924100000002
Globe,C1OI00I00,CO2EQ,2017,12.091924100000002
Globe,C1OI00I00,CO2EQ,2018,12.091924100000002
Globe,C1OI00I00,CO2EQ,2019,12.091924100000002
Globe,C1OI00I00,CO2EQ,2020,12.091924100000002
Globe,C1OI00I00,CO2EQ,2021,11.879224100000002
Globe,C1OI00I00,CO2EQ,2022,11.666524100000004
Globe,C1OI00I00,CO2EQ,2023,11.453824100000002
Globe,C1OI00I00,CO2EQ,2024,11.241124100000002
Globe,C1OI00I00,CO2EQ,2025,11.028424100000002
Globe,C1OI00I00,CO2EQ,2026,10.815724100000002
Globe,C1OI00I00,CO2EQ,2027,10.6030241
Globe,C1OI00I00,CO2EQ,2028,10.390324099999999
Globe,C1OI00I00,CO2EQ,2029,10.177624100000001
Globe,C1OI00I00,CO2EQ,2030,9.964924100000003
Globe,C1OI00I00,CO2EQ,2031,9.7522241
Globe,C1OI00I00,CO2EQ,2032,9.539524100000001
Globe,C1OI00I00,CO2EQ,2033,9.326824100000005
Globe,C1OI00I00,CO2EQ,2034,9.1141241
Globe,C1OI00I00,CO2EQ,2035,8.901424100000002
Globe,C1OI00I00,CO2EQ,2036,8.688724100000002
Globe,C1OI00I00,CO2EQ,2037,8.476024100000002
Globe,C1OI00I00,CO2EQ,2038,8.263324100000002
Globe,C1OI00I00,CO2EQ,2039,8.0506241
Globe,C1OI00I00,CO2EQ,2040,7.8379241
Globe,C1OI00I00,CO2EQ,2041,7.625224100000001
Globe,C1OI00I00,CO2EQ,2042,7.412524100000002
Globe,C1OI00I00,CO2EQ,2043,7.199824100000002
Globe,C1OI00I00,CO2EQ,2044,6.987124100000003
Globe,C1OI00I00,CO2EQ,2045,6.7744241
Globe,C1OI00I00,CO2EQ,2046,6.561724099999999
Globe,C1OI00I00,CO2EQ,2047,6.349024100000001
Globe,C1OI00I00,CO2EQ,2048,6.136324100000002
Globe,C1OI00I00,CO2EQ,2049,5.9236241000000005
Globe,C1OI00I00,CO2EQ,2050,5.7109241000000015
Globe,C1OI00I00,CO2EQ,2051,5.7109241000000015
Globe,C1OI00I00,CO2EQ,2052,5.710924100000001
Globe,C1OI00I00,CO2EQ,2053,5.710924100000001
Globe,C1OI00I00,CO2EQ,2054,5.710924100000001
Globe,C1OI00I00,CO2EQ,2055,5.710924100000001
Globe,C1OI00I00,CO2EQ,2056,5.7109241000000015
Globe,C1OI00I00,CO2EQ,2057,5.710924100000002
Globe,C1OI00I00,CO2EQ,2058,5.710924100000001
Globe,C1OI00I00,CO2EQ,2059,5.7109241000000015
Globe,C1OI00I00,CO2EQ,2060,5.7109241000000015
Globe,C1OI00I00,WATER,2010,0.03350912
Globe,C1OI00I00,WATER,2011,0.03362926
Globe,C1OI00I00,WATER,2012,0.0337494
Globe,C1OI00I00,WATER,2013,0.033869540000000004
Globe,C1OI00I00,WATER,2014,0.03398966000000001
Globe,C1OI00I00,WATER,2015,0.0341098
Globe,C1OI00I00,WATER,2016,0.0341098
Globe,C1OI00I00,WATER,2017,0.0341098
Globe,C1OI00I00,WATER,2018,0.0341098
Globe,C1OI00I00,WATER,2019,0.0341098
Globe,C1OI00I00,WATER,2020,0.0341098
Globe,C1OI00I00,WATER,2021,0.033509800000000006
Globe,C1OI00I00,WATER,2022,0.0329098
Globe,C1OI00I00,WATER,2023,0.0323098
Globe,C1OI00I00,WATER,2024,0.0317098
Globe,C1OI00I00,WATER,2025,0.031109800000000003
Globe,C1OI00I00,WATER,2026,0.030509800000000004
Globe,C1OI00I00,WATER,2027,0.029909799999999997
Globe,C1OI00I00,WATER,2028,0.029309799999999997
Globe,C1OI00I00,WATER,2029,0.028709799999999997
Globe,C1OI00I00,WATER,2030,0.0281098
Globe,C1OI00I00,WATER,2031,0.0275098
Globe,C1OI00I00,WATER,2032,0.026909800000000005
Globe,C1OI00I00,WATER,2033,0.026309800000000005
Globe,C1OI00I00,WATER,2034,0.025709799999999998
Globe,C1OI00I00,WATER,2035,0.0251098
Globe,C1OI00I00,WATER,2036,0.0245098
Globe,C1OI00I00,WATER,2037,0.023909800000000002
Globe,C1OI00I00,WATER,2038,0.023309800000000002
Globe,C1OI00I00,WATER,2039,0.022709800000000002
Globe,C1OI00I00,WATER,2040,0.0221098
Globe,C1OI00I00,WATER,2041,0.0215098
Globe,C1OI00I00,WATER,2042,0.020909800000000003
Globe,C1OI00I00,WATER,2043,0.0203098
Globe,C1OI00I00,WATER,2044,0.019709800000000003
Globe,C1OI00I00,WATER,2045,0.0191098
Globe,C1OI00I00,WATER,2046,0.0185098
Globe,C1OI00I00,WATER,2047,0.017909800000000007
Globe,C1OI00I00,WATER,2048,0.017309800000000004
Globe,C1OI00I00,WATER,2049,0.016709799999999997
Globe,C1OI00I00,WATER,2050,0.016109800000000004
Globe,C1OI00I00,WATER,2051,0.016109800000000004
Globe,C1OI00I00,WATER,2052,0.0161098
Globe,C1OI00I00,WATER,2053,0.016109799999999997
Globe,C1OI00I00,WATER,2054,0.0161098
Globe,C1OI00I00,WATER,2055,0.016109800000000004
Globe,C1OI00I00,WATER,2056,0.0161098
Globe,C1OI00I00,WATER,2057,0.016109800000000004
Globe,C1OI00I00,WATER,2058,0.0161098
Globe,C1OI00I00,WATER,2059,0.0161098
Globe,C1OI00I00,WATER,2060,0.016109800000000004
Globe,C1OIHTF03,WATER,2010,0.021781334937599997
Globe,C1OIHTF03,WATER,2011,0.023717347033324558
Globe,C1OIHTF03,WATER,2012,0.02279760590052455
Globe,C1OIHTF03,WATER,2013,0.02198275315756395
Globe,C1OIHTF03,WATER,2014,0.024453762744763945
Globe,C1OIHTF03,WATER,2015,0.023910671796460406
Globe,C1OIHTF03,WATER,2016,0.022995169102060394
Globe,C1OIHTF03,WATER,2017,0.0220754279692604
Globe,C1OIHTF03,WATER,2018,0.0211556868364604
Globe,C1OIHTF03,WATER,2019,0.020235945703660406
Globe,C1OIHTF03,WATER,2020,0.019316204570860394
Globe,C1OIHTF03,WATER,2021,0.0183964634380604
Globe,C1OIHTF03,WATER,2022,0.0174767223052604
Globe,C1OIHTF03,WATER,2023,0.016556981172460395
Globe,C1OIHTF03,WATER,2024,0.015637240039660404
Globe,C1OIHTF03,WATER,2025,0.014717498906860398
Globe,C1OIHTF03,WATER,2026,0.010118793242860401
Globe,C1OIHTF03,WATER,2027,0.0101187932428604
Globe,C1OIHTF03,WATER,2028,0.0058350196286635035
Globe,C1OIHTF03,WATER,2029,0.000915480264678777
Globe,C1SOC1P00,WATER,2010,2.5544159999999997e-06
Globe,C1SOC1P00,WATER,2011,2.5544159999999997e-06
Globe,C1SOC1P00,WATER,2012,2.12868e-06
Globe,C1SOC1P00,WATER,2013,2.12868e-06
Globe,C1SOC1P00,WATER,2014,2.12868e-06
Globe,C1SOC1P00,WATER,2015,2.12868e-06
Globe,C1SOC1P00,WATER,2016,1.702944e-06
Globe,C1SOC1P00,WATER,2017,1.702944e-06
Globe,C1SOC1P00,WATER,2018,1.702944e-06
Globe,C1SOC1P00,WATER,2019,1.702944e-06
Globe,C1SOC1P00,WATER,2020,1.702944e-06
Globe,C1SOC1P00,WATER,2021,1.2772079999999998e-06
Globe,C1SOC1P00,WATER,2022,1.2772079999999998e-06
Globe,C1SOC1P00,WATER,2023,1.2772079999999998e-06
Globe,C1SOC1P00,WATER,2024,1.2772079999999998e-06
Globe,C1SOC1P00,WATER,2025,8.51472e-07
Globe,C1SOC1P00,WATER,2026,8.51472e-07
Globe,C1SOC1P00,WATER,2027,8.51472e-07
Globe,C1SOC1P00,WATER,2028,8.51472e-07
Globe,C1SOC1P00,WATER,2029,4.25736e-07
Globe,C1SOC1P00,WATER,2030,4.25736e-07
Globe,C1SOC1P00,WATER,2031,4.25736e-07
Globe,C1SOC1P00,WATER,2032,4.25736e-07
Globe,C1SOC1P00,WATER,2036,0.00017199734399999975
Globe,C1SOC1P00,WATER,2037,0.0004700125439999998
Globe,C1SOC1P00,WATER,2038,0.0007680277439999999
Globe,C1SOC1P00,WATER,2039,0.0010660429439999998
Globe,C1SOC1P00,WATER,2040,0.0013640581439999999
Globe,C1SOC1P00,WATER,2041,0.001662073344
Globe,C1SOC1P00,WATER,2042,0.0019600885439999996
Globe,C1SOC1P00,WATER,2043,0.002121868224
Globe,C1SOC1P00,WATER,2044,0.00228407364
Globe,C1SOC1P00,WATER,2045,0.0024462790559999998
Globe,C1SOC1P00,WATER,2046,0.0026885228399999993
Globe,C1SOC1P00,WATER,2047,0.0029307666239999997
Globe,C1SOC1P00,WATER,2048,0.003172584672
Globe,C1SOC1P00,WATER,2049,0.003414828455999999
Globe,C1SOC1P00,WATER,2050,0.003657072239999998
Globe,C1SOC1P00,WATER,2051,0.003657072239999998
Globe,C1SOC1P00,WATER,2052,0.003657072239999998
Globe,C1SOC1P00,WATER,2053,0.003657072239999998
Globe,C1SOC1P00,WATER,2054,0.003657072239999998
Globe,C1SOC1P00,WATER,2055,0.003657072239999998
Globe,C1SOC1P00,WATER,2056,0.003657072239999998
Globe,C1SOC1P00,WATER,2057,0.003657072239999998
Globe,C1SOC1P00,WATER,2058,0.003657072239999998
Globe,C1SOC1P00,WATER,2059,0.003657072239999998
Globe,C1SOC1P00,WATER,2060,0.003657072239999998
Globe,C1SOV2P00,WATER,2010,9.5865403392e-06
Globe,C1SOV2P00,WATER,2011,1.67764455936e-05
Globe,C1SOV2P00,WATER,2012,2.3966350848e-05
Globe,C1SOV2P00,WATER,2013,2.360685558528e-05
Globe,C1SOV2P00,WATER,2014,2.318744444544e-05
Globe,C1SOV2P00,WATER,2015,2.282794918272e-05
Globe,C1SOV2P00,WATER,2016,2.240853804288e-05
Globe,C1SOV2P00,WATER,2017,2.2049042780159998e-05
Globe,C1SOV2P00,WATER,2018,2.168954751744e-05
Globe,C1SOV2P00,WATER,2019,2.12701363776e-05
Globe,C1SOV2P00,WATER,2020,2.2020338523744002e-05
Globe,C1SOV2P00,WATER,2021,2.1578669842751998e-05
Globe,C1SOV2P00,WATER,2022,2.1200096687616e-05
Globe,C1SOV2P00,WATER,2023,2.082152353248e-05
Globe,C1SOV2P00,WATER,2024,2.0379854851487997e-05
Globe,C1SOV2P00,WATER,2025,2.0001281696352e-05
Globe,C1SOV2P00,WATER,2026,1.955961301536e-05
Globe,C1SOV2P00,WATER,2027,1.9181039860224e-05
Globe,C1SOV2P00,WATER,2028,1.8802466705088e-05
Globe,C1SOV2P00,WATER,2029,1.8360798024096e-05
Globe,C1SOV2P00,WATER,2030,1.798222486896e-05
Globe,C1SOV2P00,WATER,2031,1.7540556187967998e-05
Globe,C1SOV2P00,WATER,2032,1.7161983032832e-05
Globe,C1SOV2P00,WATER,2033,1.6783409877696005e-05
Globe,C1SOV2P00,WATER,2034,4.568036576318331e-05
Globe,C1SOV2P00,WATER,2035,7.98150452512793e-05
Globe,C1SOV2P00,WATER,2036,0.0001302914659360793
Globe,C1SOV2P00,WATER,2037,0.0001807678866208793
Globe,C1SOV2P00,WATER,2038,0.00023124430730567933
Globe,C1SOV2P00,WATER,2039,0.00028172072799047927
Globe,C1SOV2P00,WATER,2040,0.00034049145934886266
Globe,C1SOV2P00,WATER,2041,0.0003922281771690226
Globe,C1SOV2P00,WATER,2042,0.0004439648949891825
Globe,C1SOV2P00,WATER,2043,0.0004957016128093424
Globe,C1SOV2P00,WATER,2044,0.0005474383306295026
Globe,C1SOV2P00,WATER,2045,0.0005991750484496627
Globe,C1SOV2P00,WATER,2046,0.0006509117662698228
Globe,C1SOV2P00,WATER,2047,0.0007026484840899828
Globe,C1SOV2P00,WATER,2048,0.0007543852019101428
Globe,C1SOV2P00,WATER,2049,0.0008061219197303027
Globe,C1SOV2P00,WATER,2050,0.0008785642013939102
Globe,C1SOV2P00,WATER,2051,0.0009315496539903902
Globe,C1SOV2P00,WATER,2052,0.0009845351065868703
Globe,C1SOV2P00,WATER,2053,0.0010375205591833503
Globe,C1SOV2P00,WATER,2054,0.0010905060117798304
Globe,C1SOV2P00,WATER,2055,0.0011434914643763108
Globe,C1SOV2P00,WATER,2056,0.00119647691697279
Globe,C1SOV2P00,WATER,2057,0.0012494623695692702
Globe,C1SOV2P00,WATER,2058,0.0013024478221657508
Globe,C1SOV2P00,WATER,2059,0.001324636314912
Globe,C1SOV2P00,WATER,2060,0.001324636314912
Globe,CEMPLANT,CO2EQ,2010,1.1006509238399995
Globe,CEMPLANT,CO2EQ,2011,1.1103186842512391
Globe,CEMPLANT,CO2EQ,2012,1.1199878597010993
Globe,CEMPLANT,CO2EQ,2013,1.1296575491840604
Globe,CEMPLANT,CO2EQ,2014,1.1382310045112571
Globe,CEMPLANT,CO2EQ,2015,1.1478996026443204
Globe,CEMPLANT,CO2EQ,2016,1.157569548945002
Globe,CEMPLANT,CO2EQ,2017,1.167240015010743
Globe,CEMPLANT,CO2EQ,2018,1.1769118413324542
Globe,CEMPLANT,CO2EQ,2019,1.1865841141159985
Globe,CEMPLANT,CO2EQ,2020,1.1962577199740543
Globe,CEMPLANT,CO2EQ,2021,1.1850794654368069
Globe,CEMPLANT,CO2EQ,2022,1.175011567374512
Globe,CEMPLANT,CO2EQ,2023,1.1649383472505093
Globe,CEMPLANT,CO2EQ,2024,1.154860756700734
Globe,CEMPLANT,CO2EQ,2025,1.1447780115279482
Globe,CEMPLANT,CO2EQ,2026,1.134691034717156
Globe,CEMPLANT,CO2EQ,2027,1.1235899577380275
Globe,CEMPLANT,CO2EQ,2028,1.113507901269168
Globe,CEMPLANT,CO2EQ,2029,1.103421262812724
Globe,CEMPLANT,CO2EQ,2030,1.093330505924656
Globe,CEMPLANT,CO2EQ,2031,1.08323529715816
Globe,CEMPLANT,CO2EQ,2032,1.0731353230088916
Globe,CEMPLANT,CO2EQ,2033,1.063031042764371
Globe,CEMPLANT,CO2EQ,2034,1.052011270671476
Globe,CEMPLANT,CO2EQ,2035,1.0419119892112378
Globe,CEMPLANT,CO2EQ,2036,1.0318088183980523
Globe,CEMPLANT,CO2EQ,2037,1.0217010989575654
Globe,CEMPLANT,CO2EQ,2038,1.0115896050928384
Globe,CEMPLANT,CO2EQ,2039,1.0014736961908954
Globe,CEMPLANT,CO2EQ,2040,0.9913541242899505
Globe,CEMPLANT,CO2EQ,2041,0.9804098392928899
Globe,CEMPLANT,CO2EQ,2042,0.9702949444386277
Globe,CEMPLANT,CO2EQ,2043,0.9601757672327765
Globe,CEMPLANT,CO2EQ,2044,0.9500530144764361
Globe,CEMPLANT,CO2EQ,2045,0.9399261020995879
Globe,CEMPLANT,CO2EQ,2046,0.9297957161913954
Globe,CEMPLANT,CO2EQ,2047,0.9189142042106698
Globe,CEMPLANT,CO2EQ,2048,0.9087882193921735
Globe,CEMPLANT,CO2EQ,2049,0.8986581975013231
Globe,CEMPLANT,CO2EQ,2050,0.8885247820235239
Globe,CEMPLANT,CO2EQ,2051,0.8885247820235239
Globe,CEMPLANT,CO2EQ,2052,0.888524782023524
Globe,CEMPLANT,CO2EQ,2053,0.888524782023524
Globe,CEMPLANT,CO2EQ,2054,0.8885247820235239
Globe,CEMPLANT,CO2EQ,2055,0.8885247820235239
Globe,CEMPLANT,CO2EQ,2056,0.8885247820235239
Globe,CEMPLANT,CO2EQ,2057,0.888524782023524
Globe,CEMPLANT,CO2EQ,2058,0.8885247820235239
Globe,CEMPLANT,CO2EQ,2059,0.888524782023524
Globe,CEMPLANT,CO2EQ,2060,0.8885247820235239
Globe,CEMPLANT,WATER,2010,0.01801854569599999
Globe,CEMPLANT,WATER,2011,0.0181787470852899
Globe,CEMPLANT,WATER,2012,0.018338982498029698
Globe,CEMPLANT,WATER,2013,0.01849923699729711
Globe,CEMPLANT,WATER,2014,0.01865952466411897
Globe,CEMPLANT,WATER,2015,0.018819830493976872
Globe,CEMPLANT,WATER,2016,0.01898016800939374
Globe,CEMPLANT,WATER,2017,0.019140523468896543
Globe,CEMPLANT,WATER,2018,0.019300910498760326
Globe,CEMPLANT,WATER,2019,0.0194613139616026
Globe,CEMPLANT,WATER,2020,0.01962174824934143
Globe,CEMPLANT,WATER,2021,0.019458169330455917
Globe,CEMPLANT,WATER,2022,0.019294470386777045
Globe,CEMPLANT,WATER,2023,0.019237513991292813
Globe,CEMPLANT,WATER,2024,0.019072061766681834
Globe,CEMPLANT,WATER,2025,0.018906497105089525
Globe,CEMPLANT,WATER,2026,0.01874083568170032
Globe,CEMPLANT,WATER,2027,0.0185750720776098
Globe,CEMPLANT,WATER,2028,0.018508710423240867
Globe,CEMPLANT,WATER,2029,0.018341313435198167
Globe,CEMPLANT,WATER,2030,0.018270509780703797
Globe,CEMPLANT,WATER,2031,0.018101557296398455
Globe,CEMPLANT,WATER,2032,0.0179325325192212
Globe,CEMPLANT,WATER,2033,0.017670925079895112
Globe,CEMPLANT,WATER,2034,0.017503133792800985
Globe,CEMPLANT,WATER,2035,0.017335259820497315
Globe,CEMPLANT,WATER,2036,0.017078825210190742
Globe,CEMPLANT,WATER,2037,0.016912117167045024
Globe,CEMPLANT,WATER,2038,0.01674532877700369
Globe,CEMPLANT,WATER,2039,0.01649386577341424
Globe,CEMPLANT,WATER,2040,0.016328185576540363
Globe,CEMPLANT,WATER,2041,0.01616240488206689
Globe,CEMPLANT,WATER,2042,0.015915745549909214
Globe,CEMPLANT,WATER,2043,0.015751019213926243
Globe,CEMPLANT,WATER,2044,0.015586195373521086
Globe,CEMPLANT,WATER,2045,0.015344158680706974
Globe,CEMPLANT,WATER,2046,0.015180338223532987
Globe,CEMPLANT,WATER,2047,0.015016402849296312
Globe,CEMPLANT,WATER,2048,0.014852364103334875
Globe,CEMPLANT,WATER,2049,0.014615857962581908
Globe,CEMPLANT,WATER,2050,0.014523962783076834
Globe,CEMPLANT,WATER,2051,0.014523962783076836
Globe,CEMPLANT,WATER,2052,0.014523962783076837
Globe,CEMPLANT,WATER,2053,0.014523962783076837
Globe,CEMPLANT,WATER,2054,0.014523962783076837
Globe,CEMPLANT,WATER,2055,0.014523962783076836
Globe,CEMPLANT,WATER,2056,0.014523962783076836
Globe,CEMPLANT,WATER,2057,0.014523962783076837
Globe,CEMPLANT,WATER,2058,0.014523962783076836
Globe,CEMPLANT,WATER,2059,0.014523962783076836
Globe,CEMPLANT,WATER,2060,0.014523962783076837
Globe,LA1_PROD,CO2EQ,2010,1.477844466418312
Globe,LA1_PROD,CO2EQ,2011,1.501020029629066
Globe,LA1_PROD,CO2EQ,2012,1.524789838050353
Globe,LA1_PROD,CO2EQ,2013,1.5479654012611075
Globe,LA1_PROD,CO2EQ,2014,1.5717352096823938
Globe,LA1_PROD,CO2EQ,2015,1.5987148214682714
Globe,LA1_PROD,CO2EQ,2016,1.6280987915580363
Globe,LA1_PROD,CO2EQ,2017,1.65714131324692
Globe,LA1_PROD,CO2EQ,2018,1.6865252833366846
Globe,LA1_PROD,CO2EQ,2019,1.7155678050255685
Globe,LA1_PROD,CO2EQ,2020,1.7455460203258657
Globe,LA1_PROD,CO2EQ,2021,1.6771801034271825
Globe,LA1_PROD,CO2EQ,2022,1.6087531893301585
Globe,LA1_PROD,CO2EQ,2023,1.5421153775337588
Globe,LA1_PROD,CO2EQ,2024,1.4742475264484434
Globe,LA1_PROD,CO2EQ,2025,1.4069979734947273
Globe,LA1_PROD,CO2EQ,2026,1.3398854555932955
Globe,LA1_PROD,CO2EQ,2027,1.2722825058812246
Globe,LA1_PROD,CO2EQ,2028,1.2042925354585572
Globe,LA1_PROD,CO2EQ,2029,1.1352539757453513
Globe,LA1_PROD,CO2EQ,2030,1.0667504591041808
Globe,LA1_PROD,CO2EQ,2031,0.9962162070097695
Globe,LA1_PROD,CO2EQ,2032,0.92522379916742
Globe,LA1_PROD,CO2EQ,2033,0.8532599254494121
Globe,LA1_PROD,CO2EQ,2034,0.7798772369152821
Globe,LA1_PROD,CO2EQ,2035,0.7046027628217799
Globe,LA1_PROD,CO2EQ,2036,0.6282385868028353
Globe,LA1_PROD,CO2EQ,2037,0.5502496635395403
Globe,LA1_PROD,CO2EQ,2038,0.47025506819529816
Globe,LA1_PROD,CO2EQ,2039,0.38775110316667777
Globe,LA1_PROD,CO2EQ,2040,0.30400123665967393
Globe,LA1_PROD,CO2EQ,2041,0.21686619733370388
Globe,LA1_PROD,CO2EQ,2042,0.1275894301676136
Globe,LA1_PROD,CO2EQ,2043,0.03510751603219524
Globe,LA1_i_PROD,CO2EQ,2010,0.3678
Globe,LA1_i_PROD,CO2EQ,2011,0.3678
Globe,LA1_i_PROD,CO2EQ,2012,0.3678
Globe,LA1_i_PROD,CO2EQ,2013,0.3678
Globe,LA1_i_PROD,CO2EQ,2014,0.3678
Globe,LA1_i_PROD,CO2EQ,2015,0.3678
Globe,LA1_i_PROD,CO2EQ,2016,0.3678
Globe,LA1_i_PROD,CO2EQ,2017,0.3678
Globe,LA1_i_PROD,CO2EQ,2018,0.3678
Globe,LA1_i_PROD,CO2EQ,2019,0.3678
Globe,LA1_i_PROD,CO2EQ,2020,0.3678
Globe,LA1_i_PROD,CO2EQ,2021,0.3861899999999999
Globe,LA1_i_PROD,CO2EQ,2022,0.40549949999999996
Globe,LA1_i_PROD,CO2EQ,2023,0.4257744749999999
Globe,LA1_i_PROD,CO2EQ,2024,0.44706319880000006
Globe,LA1_i_PROD,CO2EQ,2025,0.4694163587
Globe,LA1_i_PROD,CO2EQ,2026,0.4928871765999999
Globe,LA1_i_PROD,CO2EQ,2027,0.5175315355
Globe,LA1_i_PROD,CO2EQ,2028,0.5434081122
Globe,LA1_i_PROD,CO2EQ,2029,0.5705785178
Globe,LA1_i_PROD,CO2EQ,2030,0.5991074437
Globe,LA1_i_PROD,CO2EQ,2031,0.6290628159
Globe,LA1_i_PROD,CO2EQ,2032,0.6605159567
Globe,LA1_i_PROD,CO2EQ,2033,0.6935417544999999
Globe,LA1_i_PROD,CO2EQ,2034,0.7282188423000001
Globe,LA1_i_PROD,CO2EQ,2035,0.7646297843999998
Globe,LA1_i_PROD,CO2EQ,2036,0.8028612736000001
Globe,LA1_i_PROD,CO2EQ,2037,0.8430043372999999
Globe,LA1_i_PROD,CO2EQ,2038,0.8851545542000001
Globe,LA1_i_PROD,CO2EQ,2039,0.9294122819
Globe,LA1_i_PROD,CO2EQ,2040,0.9758828959999997
Globe,LA1_i_PROD,CO2EQ,2041,1.024677041
Globe,LA1_i_PROD,CO2EQ,2042,1.0759108929999996
Globe,LA1_i_PROD,CO2EQ,2043,1.1297064369999998
Globe,LA1_i_PROD,CO2EQ,2044,1.14127533794173
Globe,LA1_i_PROD,CO2EQ,2045,1.1260520913885714
Globe,LA1_i_PROD,CO2EQ,2046,1.111559367417631
Globe,LA1_i_PROD,CO2EQ,2047,1.097486683307355
Globe,LA1_i_PROD,CO2EQ,2048,1.0837613013341383
Globe,LA1_i_PROD,CO2EQ,2049,1.0700966789518471
Globe,LA1_i_PROD,CO2EQ,2050,1.0570877527804876
Globe,LA1_i_PROD,CO2EQ,2051,1.0570877527804876
Globe,LA1_i_PROD,CO2EQ,2052,1.0570877527804876
Globe,LA1_i_PROD,CO2EQ,2053,1.0570877527804876
Globe,LA1_i_PROD,CO2EQ,2054,1.0570877527804876
Globe,LA1_i_PROD,CO2EQ,2055,1.0570877527804876
Globe,LA1_i_PROD,CO2EQ,2056,1.0570877527804876
Globe,LA1_i_PROD,CO2EQ,2057,1.0570877527804878
Globe,LA1_i_PROD,CO2EQ,2058,1.0570877527804878
Globe,LA1_i_PROD,CO2EQ,2059,1.0570877527804878
Globe,LA1_i_PROD,CO2EQ,2060,1.0570877527804876
Globe,LA1_i_PROD,WATER,2010,14.8668438
Globe,LA1_i_PROD,WATER,2011,14.8668438
Globe,LA1_i_PROD,WATER,2012,14.8668438
Globe,LA1_i_PROD,WATER,2013,14.8668438
Globe,LA1_i_PROD,WATER,2014,14.8668438
Globe,LA1_i_PROD,WATER,2015,14.8668438
Globe,LA1_i_PROD,WATER,2016,14.8668438
Globe,LA1_i_PROD,WATER,2017,14.8668438
Globe,LA1_i_PROD,WATER,2018,14.8668438
Globe,LA1_i_PROD,WATER,2019,14.8668438
Globe,LA1_i_PROD,WATER,2020,14.8668438
Globe,LA1_i_PROD,WATER,2021,15.610185989999998
Globe,LA1_i_PROD,WATER,2022,16.390695289499998
Globe,LA1_i_PROD,WATER,2023,17.210230053974996
Globe,LA1_i_PROD,WATER,2024,18.070741558694802
Globe,LA1_i_PROD,WATER,2025,18.9742786350127
Globe,LA1_i_PROD,WATER,2026,19.922992565348597
Globe,LA1_i_PROD,WATER,2027,20.9191421964455
Globe,LA1_i_PROD,WATER,2028,21.965099303236194
Globe,LA1_i_PROD,WATER,2029,23.0633542679938
Globe,LA1_i_PROD,WATER,2030,24.2165219817977
Globe,LA1_i_PROD,WATER,2031,25.4273480814939
Globe,LA1_i_PROD,WATER,2032,26.6987154857707
Globe,LA1_i_PROD,WATER,2033,28.033651258644497
Globe,LA1_i_PROD,WATER,2034,29.4353338246083
Globe,LA1_i_PROD,WATER,2035,30.907100515232397
Globe,LA1_i_PROD,WATER,2036,32.4524555401856
Globe,LA1_i_PROD,WATER,2037,34.0750783180033
Globe,LA1_i_PROD,WATER,2038,35.778832235318205
Globe,LA1_i_PROD,WATER,2039,37.5677738466799
Globe,LA1_i_PROD,WATER,2040,39.44616253921598
Globe,LA1_i_PROD,WATER,2041,41.418470674260995
Globe,LA1_i_PROD,WATER,2042,43.48939420595298
Globe,LA1_i_PROD,WATER,2043,45.663863889976994
Globe,LA1_i_PROD,WATER,2044,46.13149043494267
Globe,LA1_i_PROD,WATER,2045,45.51615158601744
Globe,LA1_i_PROD,WATER,2046,44.930341190388056
Globe,LA1_i_PROD,WATER,2047,44.3615092259666
Globe,LA1_i_PROD,WATER,2048,43.8067155612272
Globe,LA1_i_PROD,WATER,2049,43.25437785991261
Globe,LA1_i_PROD,WATER,2050,42.72854405514009
Globe,LA1_i_PROD,WATER,2051,42.72854405514009
Globe,LA1_i_PROD,WATER,2052,42.72854405514009
Globe,LA1_i_PROD,WATER,2053,42.72854405514009
Globe,LA1_i_PROD,WATER,2054,42.72854405514009
Globe,LA1_i_PROD,WATER,2055,42.72854405514009
Globe,LA1_i_PROD,WATER,2056,42.72854405514009
Globe,LA1_i_PROD,WATER,2057,42.72854405514009
Globe,LA1_i_PROD,WATER,2058,42.7285440551401
Globe,LA1_i_PROD,WATER,2059,42.7285440551401
Globe,LA1_i_PROD,WATER,2060,42.72854405514009
Globe,LA2_PROD,CO2EQ,2010,3.424
Globe,LA2_PROD,CO2EQ,2011,3.424
Globe,LA2_PROD,CO2EQ,2012,3.424
Globe,LA2_PROD,CO2EQ,2013,3.424
Globe,LA2_PROD,CO2EQ,2014,3.424
Globe,LA2_PROD,CO2EQ,2015,3.447653662245937
Globe,LA2_PROD,CO2EQ,2016,3.489025506192887
Globe,LA2_PROD,CO2EQ,2017,3.5235020428153474
Globe,LA2_PROD,CO2EQ,2018,3.564873886762299
Globe,LA2_PROD,CO2EQ,2019,3.5993504233847577
Globe,LA2_PROD,CO2EQ,2020,3.6407222673317094
Globe,LA2_PROD,CO2EQ,2021,3.567473756737107
Globe,LA2_PROD,CO2EQ,2022,3.496588101322976
Globe,LA2_PROD,CO2EQ,2023,3.434519743532619
Globe,LA2_PROD,CO2EQ,2024,3.367926671306499
Globe,LA2_PROD,CO2EQ,2025,3.3033826166873377
Globe,LA2_PROD,CO2EQ,2026,3.247062903715265
Globe,LA2_PROD,CO2EQ,2027,3.18624947412341
Globe,LA2_PROD,CO2EQ,2028,3.1272246748136667
Globe,LA2_PROD,CO2EQ,2029,3.069910739252034
Globe,LA2_PROD,CO2EQ,2030,3.0201446081274415
Globe,LA2_PROD,CO2EQ,2031,2.965953319577208
Globe,LA2_PROD,CO2EQ,2032,2.913267344597817
Globe,LA2_PROD,CO2EQ,2033,2.8676921968708555
Globe,LA2_PROD,CO2EQ,2034,2.8177580201707326
Globe,LA2_PROD,CO2EQ,2035,2.7691554215159377
Globe,LA2_PROD,CO2EQ,2036,2.7218318386152154
Globe,LA2_PROD,CO2EQ,2037,2.6811104064322953
Globe,LA2_PROD,CO2EQ,2038,2.636129030978817
Globe,LA2_PROD,CO2EQ,2039,2.592286424524161
Globe,LA2_PROD,CO2EQ,2040,2.554711363724241
Globe,LA2_PROD,CO2EQ,2041,2.5129564471481496
Globe,LA2_PROD,CO2EQ,2042,2.4722199431714764
Globe,LA2_PROD,CO2EQ,2043,2.432465041700266
Globe,LA2_PROD,CO2EQ,2044,2.3985819050196735
Globe,LA2_PROD,CO2EQ,2045,2.3606287428554538
Globe,LA2_PROD,CO2EQ,2046,2.3235582123694716
Globe,LA2_PROD,CO2EQ,2047,2.292095262348333
Globe,LA2_PROD,CO2EQ,2048,2.2566460334700684
Globe,LA2_PROD,CO2EQ,2049,2.2219934164767072
Globe,LA2_PROD,CO2EQ,2050,2.1881108576387542
Globe,LA2_PROD,CO2EQ,2051,2.1881108576387547
Globe,LA2_PROD,CO2EQ,2052,2.1881108576387542
Globe,LA2_PROD,CO2EQ,2053,2.1881108576387542
Globe,LA2_PROD,CO2EQ,2054,2.1881108576387542
Globe,LA2_PROD,CO2EQ,2055,2.1881108576387542
Globe,LA2_PROD,CO2EQ,2056,2.1881108576387542
Globe,LA2_PROD,CO2EQ,2057,2.1881108576387542
Globe,LA2_PROD,CO2EQ,2058,2.1881108576387542
Globe,LA2_PROD,CO2EQ,2059,2.1881108576387542
Globe,LA2_PROD,CO2EQ,2060,2.1881108576387542
Globe,LF1,CO2EQ,2010,-0.66303687
Globe,LF1,CO2EQ,2011,-0.66303687
Globe,LF1,CO2EQ,2012,-0.6630368700000001
Globe,LF1,CO2EQ,2013,-0.66303687
Globe,LF1,CO2EQ,2014,-0.6839309984682342
Globe,LF1,CO2EQ,2015,-0.7505851107190002
Globe,LF1,CO2EQ,2016,-0.7269554777142514
Globe,LF1,CO2EQ,2017,-0.6630368700000001
Globe,LF1,CO2EQ,2018,-0.6630368700000001
Globe,LF1,CO2EQ,2019,-0.66303687
Globe,LF1,CO2EQ,2020,-0.66303687
Globe,LF1,CO2EQ,2021,-0.6630368700000001
Globe,LF1,CO2EQ,2022,-0.66303687
Globe,LF1,CO2EQ,2023,-0.6630368700000001
Globe,LF1,CO2EQ,2024,-0.66303687
Globe,LF1,CO2EQ,2025,-0.66303687
Globe,LF1,CO2EQ,2026,-0.66303687
Globe,LF1,CO2EQ,2027,-0.66303687
Globe,LF1,CO2EQ,2028,-0.6630368699999999
Globe,LF1,CO2EQ,2029,-0.6630368699999998
Globe,LF1,CO2EQ,2030,-0.6630368700000001
Globe,LF1,CO2EQ,2031,-0.6630368699999999
Globe,LF1,CO2EQ,2032,-0.66303687
Globe,LF1,CO2EQ,2033,-0.66303687
Globe,LF1,CO2EQ,2034,-0.6630368700000001
Globe,LF1,CO2EQ,2035,-0.66303687
Globe,LF1,CO2EQ,2036,-0.6630368700000001
Globe,LF1,CO2EQ,2037,-0.6630368700000001
Globe,LF1,CO2EQ,2038,-0.66303687
Globe,LF1,CO2EQ,2039,-0.66303687
Globe,LF1,CO2EQ,2040,-0.6630368700000001
Globe,LF1,CO2EQ,2041,-0.66303687
Globe,LF1,CO2EQ,2042,-0.66303687
Globe,LF1,CO2EQ,2043,-0.66303687
Globe,LF1,CO2EQ,2044,-0.66303687
Globe,LF1,CO2EQ,2045,-0.66303687
Globe,LF1,CO2EQ,2046,-0.66303687
Globe,LF1,CO2EQ,2047,-0.66303687
Globe,LF1,CO2EQ,2048,-0.66303687
Globe,LF1,CO2EQ,2049,-0.66303687
Globe,LF1,CO2EQ,2050,-0.66303687
Globe,LF1,CO2EQ,2051,-0.66303687
Globe,LF1,CO2EQ,2052,-0.66303687
Globe,LF1,CO2EQ,2053,-0.66303687
Globe,LF1,CO2EQ,2054,-0.66303687
Globe,LF1,CO2EQ,2055,-0.66303687
Globe,LF1,CO2EQ,2056,-0.66303687
Globe,LF1,CO2EQ,2057,-0.66303687
Globe,LF1,CO2EQ,2058,-0.66303687
Globe,LF1,CO2EQ,2059,-0.6630368700000001
Globe,LF1,CO2EQ,2060,-0.6630368700000001
Globe,LF2_PROD,CO2EQ,2010,0.29295935999999995
Globe,LF2_PROD,CO2EQ,2011,0.29295936000000006
Globe,LF2_PROD,CO2EQ,2012,0.29295936000000006
Globe,LF2_PROD,CO2EQ,2013,0.29222934614232154
Globe,LF2_PROD,CO2EQ,2014,0.2852950339119055
Globe,LF2_PROD,CO2EQ,2015,0.26605952944761746
Globe,LF2_PROD,CO2EQ,2016,0.26365825704412066
Globe,LF2_PROD,CO2EQ,2017,0.27041455897657524
Globe,LF2_PROD,CO2EQ,2018,0.2630717732649702
Globe,LF2_PROD,CO2EQ,2019,0.2564611875021203
Globe,LF2_PROD,CO2EQ,2020,0.24905428035531776
Globe,LF2_PROD,CO2EQ,2021,0.2618336174747835
Globe,LF2_PROD,CO2EQ,2022,0.27428203690850517
Globe,LF2_PROD,CO2EQ,2023,0.28554404729038063
Globe,LF2_PROD,CO2EQ,2024,0.297285690474141
Globe,LF2_PROD,CO2EQ,2025,0.3086391270100466
Globe,LF2_PROD,CO2EQ,2026,0.31902779456638314
Globe,LF2_PROD,CO2EQ,2027,0.32979592013131215
Globe,LF2_PROD,CO2EQ,2028,0.3402924713794492
Globe,LF2_PROD,CO2EQ,2029,0.35059002847792964
Globe,LF2_PROD,CO2EQ,2030,0.35992210523396395
Globe,LF2_PROD,CO2EQ,2031,0.36976564158702907
Globe,LF2_PROD,CO2EQ,2032,0.3793451964188792
Globe,LF2_PROD,CO2EQ,2033,0.3881427899462228
Globe,LF2_PROD,CO2EQ,2034,0.3973548841370433
Globe,LF2_PROD,CO2EQ,2035,0.40644973694116465
Globe,LF2_PROD,CO2EQ,2036,0.41533674646315244
Globe,LF2_PROD,CO2EQ,2037,0.42352701321334457
Globe,LF2_PROD,CO2EQ,2038,0.4321467135267978
Globe,LF2_PROD,CO2EQ,2039,0.44069493702126517
Globe,LF2_PROD,CO2EQ,2040,0.44850676921182653
Globe,LF2_PROD,CO2EQ,2041,0.4568546737817991
Globe,LF2_PROD,CO2EQ,2042,0.46506772353268333
Globe,LF2_PROD,CO2EQ,2043,0.47325121508152296
Globe,LF2_PROD,CO2EQ,2044,0.47920806597282634
Globe,LF2_PROD,CO2EQ,2045,0.48467809648681237
Globe,LF2_PROD,CO2EQ,2046,0.48998029182422836
Globe,LF2_PROD,CO2EQ,2047,0.49467166751465114
Globe,LF2_PROD,CO2EQ,2048,0.4997275636477999
Globe,LF2_PROD,CO2EQ,2049,0.5046965693641907
Globe,LF2_PROD,CO2EQ,2050,0.509517166429907
Globe,LF2_PROD,CO2EQ,2051,0.5095171664299067
Globe,LF2_PROD,CO2EQ,2052,0.5095171664299069
Globe,LF2_PROD,CO2EQ,2053,0.5095171664299067
Globe,LF2_PROD,CO2EQ,2054,0.5095171664299067
Globe,LF2_PROD,CO2EQ,2055,0.5095171664299069
Globe,LF2_PROD,CO2EQ,2056,0.5095171664299067
Globe,LF2_PROD,CO2EQ,2057,0.509517166429907
Globe,LF2_PROD,CO2EQ,2058,0.5095171664299067
Globe,LF2_PROD,CO2EQ,2059,0.5095171664299069
Globe,LF2_PROD,CO2EQ,2060,0.5095171664299067
Globe,PAPPLANT,WATER,2010,0.07957659253078166
Globe,PAPPLANT,WATER,2011,0.07944221740263044
Globe,PAPPLANT,WATER,2012,0.07929566820776332
Globe,PAPPLANT,WATER,2013,0.07913688194809691
Globe,PAPPLANT,WATER,2014,0.07896632707511059
Globe,PAPPLANT,WATER,2015,0.0787839356512714
Globe,PAPPLANT,WATER,2016,0.07859012603337784
Globe,PAPPLANT,WATER,2017,0.07838482732513523
Globe,PAPPLANT,WATER,2018,0.07753296724790755
Globe,PAPPLANT,WATER,2019,0.07730215848232437
Globe,PAPPLANT,WATER,2020,0.07706065934002429
Globe,PAPPLANT,WATER,2021,0.07670898664842185
Globe,PAPPLANT,WATER,2022,0.07634963111711104
Globe,PAPPLANT,WATER,2023,0.07598247929324117
Globe,PAPPLANT,WATER,2024,0.07560786422768025
Globe,PAPPLANT,WATER,2025,0.07457153658588121
Globe,PAPPLANT,WATER,2026,0.07417979389725977
Globe,PAPPLANT,WATER,2027,0.07378073245596907
Globe,PAPPLANT,WATER,2028,0.07337466564151106
Globe,PAPPLANT,WATER,2029,0.07296148250141213
Globe,PAPPLANT,WATER,2030,0.07187599099544825
Globe,PAPPLANT,WATER,2031,0.07144690747533429
Globe,PAPPLANT,WATER,2032,0.07101124037766612
Globe,PAPPLANT,WATER,2033,0.06989689173037432
Globe,PAPPLANT,WATER,2034,0.06944590587937137
Globe,PAPPLANT,WATER,2035,0.06898854352259311
Globe,PAPPLANT,WATER,2036,0.06784652152142129
Globe,PAPPLANT,WATER,2037,0.06737457972147023
Globe,PAPPLANT,WATER,2038,0.06689664546902364
Globe,PAPPLANT,WATER,2039,0.06572795053861405
Globe,PAPPLANT,WATER,2040,0.06523605768411725
Globe,PAPPLANT,WATER,2041,0.06473824936834183
Globe,PAPPLANT,WATER,2042,0.06354409651794779
Globe,PAPPLANT,WATER,2043,0.06303292212210039
Globe,PAPPLANT,WATER,2044,0.06182162945132252
Globe,PAPPLANT,WATER,2045,0.06129746185716207
Globe,PAPPLANT,WATER,2046,0.06006949152430005
Globe,PAPPLANT,WATER,2047,0.05953269805027504
Globe,PAPPLANT,WATER,2048,0.058288472107559414
Globe,PAPPLANT,WATER,2049,0.05703526057079459
Globe,PAPPLANT,WATER,2050,0.0564793335854595
Globe,PAPPLANT,WATER,2051,0.0564793335854595
Globe,PAPPLANT,WATER,2052,0.0564793335854595
Globe,PAPPLANT,WATER,2053,0.0564793335854595
Globe,PAPPLANT,WATER,2054,0.0564793335854595
Globe,PAPPLANT,WATER,2055,0.0564793335854595
Globe,PAPPLANT,WATER,2056,0.0564793335854595
Globe,PAPPLANT,WATER,2057,0.0564793335854595
Globe,PAPPLANT,WATER,2058,0.0564793335854595
Globe,PAPPLANT,WATER,2059,0.0564793335854595
Globe,PAPPLANT,WATER,2060,0.0564793335854595
Globe,PETAPLANT,WATER,2010,2.7972670299033626e-09
Globe,PETAPLANT,WATER,2011,2.8077430901142353e-09
Globe,PETAPLANT,WATER,2012,2.8189234875971822e-09
Globe,PETAPLANT,WATER,2013,2.829035089524274e-09
Globe,PETAPLANT,WATER,2014,3.786460351511153e-09
Globe,PETAPLANT,WATER,2015,3.80684513215848e-09
Globe,PETAPLANT,WATER,2016,3.831505530475662e-09
Globe,PETAPLANT,WATER,2017,3.855093286770077e-09
Globe,PETAPLANT,WATER,2018,3.878953254784681e-09
Globe,PETAPLANT,WATER,2019,3.9017854976684775e-09
Globe,PETAPLANT,WATER,2020,3.925987459395512e-09
Globe,PETAPLANT,WATER,2021,3.802459301453701e-09
Globe,PETAPLANT,WATER,2022,3.6824628299608397e-09
Globe,PETAPLANT,WATER,2023,3.5693536551079183e-09
Globe,PETAPLANT,WATER,2024,3.457623817294141e-09
Globe,PETAPLANT,WATER,2025,3.3506322230886043e-09
Globe,PETAPLANT,WATER,2026,3.2475110013783038e-09
Globe,PETAPLANT,WATER,2027,3.147166397152881e-09
Globe,PETAPLANT,WATER,2028,3.0498181131691686e-09
Globe,PETAPLANT,WATER,2029,2.9543594411310596e-09
Globe,PETAPLANT,WATER,2030,2.863571647471025e-09
Globe,PETAPLANT,WATER,2031,2.7731087708400423e-09
Globe,PETAPLANT,WATER,2032,2.685737881932882e-09
Globe,PETAPLANT,WATER,2033,2.600654105499372e-09
Globe,PETAPLANT,WATER,2034,2.5171922584615018e-09
Globe,PETAPLANT,WATER,2035,2.434670368658595e-09
Globe,PETAPLANT,WATER,2036,2.3545305490453024e-09
Globe,PETAPLANT,WATER,2037,2.2759967446552173e-09
Globe,PETAPLANT,WATER,2038,2.1985721521223726e-09
Globe,PETAPLANT,WATER,2039,2.1215838181074253e-09
Globe,PETAPLANT,WATER,2040,2.047212153980656e-09
Globe,PETAPLANT,WATER,2041,1.9721805322954644e-09
Globe,PETAPLANT,WATER,2042,1.898647466429197e-09
Globe,PETAPLANT,WATER,2043,1.8251072539021419e-09
Globe,PETAPLANT,WATER,2044,1.7761299400717257e-09
Globe,PETAPLANT,WATER,2045,1.7406701097170226e-09
Globe,PETAPLANT,WATER,2046,1.706805079821397e-09
Globe,PETAPLANT,WATER,2047,1.6740295581980827e-09
Globe,PETAPLANT,WATER,2048,1.642211810068815e-09
Globe,PETAPLANT,WATER,2049,1.6109016892986652e-09
Globe,PETAPLANT,WATER,2050,1.580979087752954e-09
Globe,PETAPLANT,WATER,2051,1.5809790877529547e-09
Globe,PETAPLANT,WATER,2052,1.5809790877529543e-09
Globe,PETAPLANT,WATER,2053,1.580979087752954e-09
Globe,PETAPLANT,WATER,2054,1.580979087752954e-09
Globe,PETAPLANT,WATER,2055,1.580979087752954e-09
Globe,PETAPLANT,WATER,2056,1.580979087752954e-09
Globe,PETAPLANT,WATER,2057,1.5809790877529547e-09
Globe,PETAPLANT,WATER,2058,1.5809790877529545e-09
Globe,PETAPLANT,WATER,2059,1.5809790877529547e-09
Globe,PETAPLANT,WATER,2060,1.580979087752954e-09
Globe,PETBPLANT,WATER,2010,0.007332624867162594
Globe,PETBPLANT,WATER,2011,0.007584439392828335
Globe,PETBPLANT,WATER,2012,0.007829225088439591
Globe,PETBPLANT,WATER,2013,0.008067195306412433
Globe,PETBPLANT,WATER,2014,0.008298708996835285
Globe,PETBPLANT,WATER,2015,0.008523945923444406
Globe,PETBPLANT,WATER,2016,0.008743238551624654
Globe,PETBPLANT,WATER,2017,0.008956737427795175
Globe,PETBPLANT,WATER,2018,0.009164751833857293
Globe,PETBPLANT,WATER,2019,0.009367406822221596
Globe,PETBPLANT,WATER,2020,0.009564991294254208
Globe,PETBPLANT,WATER,2021,0.009757607992920449
Globe,PETBPLANT,WATER,2022,0.009945527829355554
Globe,PETBPLANT,WATER,2023,0.01012883397158298
Globe,PETBPLANT,WATER,2024,0.010307781387433976
Globe,PETBPLANT,WATER,2025,0.010482481809208513
Globe,PETBPLANT,WATER,2026,0.010653038674033149
Globe,PETBPLANT,WATER,2027,0.010819640099318252
Globe,PETBPLANT,WATER,2028,0.010982468422495416
Globe,PETBPLANT,WATER,2029,0.011141561002864493
Globe,PETBPLANT,WATER,2030,0.011297134611420324
Globe,PETBPLANT,WATER,2031,0.0114492147365331
Globe,PETBPLANT,WATER,2032,0.011598007944028873
Globe,PETBPLANT,WATER,2033,0.01174352919590113
Globe,PETBPLANT,WATER,2034,0.01188597585036698
Globe,PETBPLANT,WATER,2035,0.012025353520367927
Globe,PETBPLANT,WATER,2036,0.012161851229452783
Globe,PETBPLANT,WATER,2037,0.012295466275188953
Globe,PETBPLANT,WATER,2038,0.012426380112754926
Globe,PETBPLANT,WATER,2039,0.012554582634228189
Globe,PETBPLANT,WATER,2040,0.012680248401149317
Globe,PETBPLANT,WATER,2041,0.012803360702972732
Globe,PETBPLANT,WATER,2042,0.012924087803459806
Globe,PETBPLANT,WATER,2043,0.013042407099518493
Globe,PETBPLANT,WATER,2044,0.013158481084837578
Globe,PETBPLANT,WATER,2045,0.013272281893171152
Globe,PETBPLANT,WATER,2046,0.013383966716777962
Globe,PETBPLANT,WATER,2047,0.013493502985302068
Globe,PETBPLANT,WATER,2048,0.013601043006879043
Globe,PETBPLANT,WATER,2049,0.013706550004588976
Globe,PETBPLANT,WATER,2050,0.013810171775008416
Globe,PETBPLANT,WATER,2051,0.013810171775008416
Globe,PETBPLANT,WATER,2052,0.013810171775008416
Globe,PETBPLANT,WATER,2053,0.013810171775008416
Globe,PETBPLANT,WATER,2054,0.013810171775008416
Globe,PETBPLANT,WATER,2055,0.013810171775008418
Globe,PETBPLANT,WATER,2056,0.01381017177500842
Globe,PETBPLANT,WATER,2057,0.013810171775008416
Globe,PETBPLANT,WATER,2058,0.013810171775008422
Globe,PETBPLANT,WATER,2059,0.013810171775008418
Globe,PETBPLANT,WATER,2060,0.013810171775008418
Globe,STEPLANT,WATER,2010,3.1861795552308756
Globe,STEPLANT,WATER,2011,3.2195212014323076
Globe,STEPLANT,WATER,2012,3.2503571675597533
Globe,STEPLANT,WATER,2013,3.2813055140530096
Globe,STEPLANT,WATER,2014,3.312366240912075
Globe,STEPLANT,WATER,2015,3.3435392283570433
Globe,STEPLANT,WATER,2016,3.3748247156562927
Globe,STEPLANT,WATER,2017,3.4062225833213526
Globe,STEPLANT,WATER,2018,3.4377328313522204
Globe,STEPLANT,WATER,2019,3.469355459748899
Globe,STEPLANT,WATER,2020,3.5010904685113875
Globe,STEPLANT,WATER,2021,3.490813389307044
Globe,STEPLANT,WATER,2022,3.4832221292311543
Globe,STEPLANT,WATER,2023,3.4727507965412454
Globe,STEPLANT,WATER,2024,3.462189808397805
Globe,STEPLANT,WATER,2025,3.4515391635729187
Globe,STEPLANT,WATER,2026,3.440798864519502
Globe,STEPLANT,WATER,2027,3.429968910012552
Globe,STEPLANT,WATER,2028,3.419049298815412
Globe,STEPLANT,WATER,2029,3.4107109111676066
Globe,STEPLANT,WATER,2030,3.3995970477215587
Globe,STEPLANT,WATER,2031,3.3883935275756074
Globe,STEPLANT,WATER,2032,3.377100353219583
Globe,STEPLANT,WATER,2033,3.365717523410026
Globe,STEPLANT,WATER,2034,3.356841201781058
Globe,STEPLANT,WATER,2035,3.3452641184859355
Globe,STEPLANT,WATER,2036,3.33359737973728
Globe,STEPLANT,WATER,2037,3.321840984270266
Globe,STEPLANT,WATER,2038,3.3125313291975425
Globe,STEPLANT,WATER,2039,3.30058068150979
Globe,STEPLANT,WATER,2040,3.288540377093963
Globe,STEPLANT,WATER,2041,3.276410418496233
Globe,STEPLANT,WATER,2042,3.266667428727554
Globe,STEPLANT,WATER,2043,3.2543432153629155
Globe,STEPLANT,WATER,2044,3.2419293478260864
Globe,STEPLANT,WATER,2045,3.231857621390574
Globe,STEPLANT,WATER,2046,3.219249499077122
Globe,STEPLANT,WATER,2047,3.206551722601196
Globe,STEPLANT,WATER,2048,3.1961512594988477
Globe,STEPLANT,WATER,2049,3.183259228236583
Globe,STEPLANT,WATER,2050,3.17027754282156
Globe,STEPLANT,WATER,2051,3.17027754282156
Globe,STEPLANT,WATER,2052,3.17027754282156
Globe,STEPLANT,WATER,2053,3.17027754282156
Globe,STEPLANT,WATER,2054,3.17027754282156
Globe,STEPLANT,WATER,2055,3.17027754282156
Globe,STEPLANT,WATER,2056,3.17027754282156
Globe,STEPLANT,WATER,2057,3.17027754282156
Globe,STEPLANT,WATER,2058,3.17027754282156
Globe,STEPLANT,WATER,2059,3.17027754282156
Globe,STEPLANT,WATER,2060,3.17027754282156
