Model,Scenario,Region,Variable,Unit,2010,2011,2012,2013,2014,2015,2016,2017,2018,2019,2020,2021,2022,2023,2024,2025,2026,2027,2028,2029,2030,2031,2032,2033,2034,2035,2036,2037,2038,2039,2040,2041,2042,2043,2044,2045,2046,2047,2048,2049,2050,2051,2052,2053,2054,2055,2056,2057,2058,2059,2060
GLUCOSE,1.75DS,World,"Capacity Additions|Electricity|Coal, w/o CCS",TW,,0.13319999999999999,0.10040000000000002,0.09859999999999997,0.08840000000000003,0.10849999999999996,0.09149999999999998,0.039500000000000035,0.03960000000000001,0.03940000000000003,,,,,,,,,,,,,,,,,,,,,,,,,,,,,,,,,,,,0.014838897444276059,,,,,
GLUCOSE,1.75DS,World,"Capacity|Electricity|Coal, w/o CCS",TW,1.5808000000000002,1.6769,1.7379,1.7969,1.8457999999999999,1.9148,1.9667999999999999,1.9667999999999999,1.9667999999999999,1.9667999999999999,1.9272,1.8877000000000002,1.8481,1.8087,1.7691000000000001,1.7296000000000002,1.69,1.6505999999999998,1.611,1.5715000000000001,1.5319,1.4925,1.4529999999999998,1.4134,1.3739000000000001,1.3344,1.2949,1.2553,1.2159,1.1763000000000001,1.1368,1.0972,1.0578,1.0182,0.9787,0.9391,0.8997,0.8601000000000001,0.8206000000000001,0.7810000000000001,0.7416,0.6084,0.508,0.4094000000000001,0.321,0.22733889744427613,0.13583889744427613,0.09633889744427611,0.056738897444276085,0.01733889744427606,0.01733889744427606
GLUCOSE,1.75DS,World,Capacity|Electricity|Non-biomass Renewables,TW,1.2178,1.2285,1.2391999999999999,1.2184,1.1974999999999998,1.1766999999999999,1.1558000000000002,1.1349,1.1140999999999999,1.0932,1.0725,1.0516,1.0306,1.0897999999999999,1.1488999999999998,1.2081,1.2673,1.3263999999999998,1.4603915151783045,1.6693915151783045,1.8784915151783041,2.136091515178305,2.3486915151783045,2.6147596199689174,2.8642999999999996,3.2131359746274812,3.4764270491303444,4.041421045164886,4.640020077220716,5.1407,5.4923,5.8809000000000005,6.3118,6.791,7.3261,7.924900000000001,8.391031630718615,9.124447139467051,9.95763661830016,10.335314394407554,10.394098723352164,10.402301908948184,10.402301908948184,10.402301908948184,10.402301908948184,10.402301908948184,10.402301908948184,10.402301908948184,10.402301908948184,10.402301908948184,10.1568659343207
GLUCOSE,1.75DS,World,Capacity|Electricity|Solar|CSP,TW,0.0006,0.0006,0.0005,0.0005,0.0005,0.0005,0.0004,0.0004,0.0004,0.0004,0.0004,0.0003,0.0003,0.0003,0.0003,0.0002,0.0002,0.0002,0.0002,0.0001,0.0001,0.0001,0.0001,0.05336810479061272,0.1151,0.1266,0.1392,0.1532,0.1685,0.1853,0.2038,0.2242,0.2467,0.2713,0.2984,0.3283,0.3611,0.3972,0.437,0.4807000000000001,0.5251843289446096,0.5287,0.5287,0.5287,0.5287,0.5287,0.5287,0.5287,0.5287,0.5287,0.5287
GLUCOSE,1.75DS,World,Capacity|Electricity|Solar|PV,TW,0.04,0.07,0.1,0.0984,0.0968,0.0952,0.0936,0.092,0.09040000000000001,0.08879999999999999,0.0872,0.08560000000000001,0.08399999999999999,0.0824,0.08080000000000001,0.07919999999999999,0.0776,0.076,0.0744,0.0728,0.0712,0.0696,0.068,0.0664,0.0648,0.2454359746274811,0.3361270491303441,0.727021045164886,1.1702200772207156,1.5541,1.7872,2.0553,2.3636,2.7181,3.1259,3.5947,3.933831630718615,4.536947139467052,5.31603661830016,5.635814394407553,5.635814394407553,5.640501908948183,5.640501908948183,5.640501908948183,5.640501908948183,5.640501908948183,5.640501908948183,5.640501908948183,5.640501908948183,5.640501908948183,5.395065934320701
GLUCOSE,1.75DS,World,Capacity|Electricity|Wind,TW,0.1592,0.1528,0.1464,0.1401,0.13369999999999999,0.1273,0.121,0.11460000000000001,0.10830000000000001,0.1018,0.0955,0.0892,0.0827,0.15639999999999998,0.23,0.3037,0.3773,0.4509,0.5246,0.5982000000000001,0.6718,0.7454999999999999,0.8191,0.8927999999999999,0.9662999999999998,1.0999999999999999,1.2400000000000002,1.38,1.5,1.58,1.6600000000000001,1.7400000000000002,1.8200000000000003,1.9000000000000004,1.9800000000000004,2.0600000000000005,2.14,2.22,2.22,2.22,2.22,2.22,2.22,2.22,2.22,2.22,2.22,2.22,2.22,2.22,2.22
GLUCOSE,1.75DS,World,Capacity|Electricity|Wind|Offshore,TW,0.001,0.001,0.0009,0.0009,0.0008,0.0008,0.0008,0.0007,0.0007,0.0006,0.0006,0.0006,0.0005,0.0005,0.0004,0.0004,0.0004,0.0003,0.0003,0.0002,0.0002,0.0002,0.0001,0.0001,,0.06,0.12,0.18,0.22,0.22,0.22,0.22,0.22,0.22,0.22,0.22,0.22,0.22,0.22,0.22,0.22,0.22,0.22,0.22,0.22,0.22,0.22,0.22,0.22,0.22,0.22
GLUCOSE,1.75DS,World,Capacity|Electricity|Wind|Onshore,TW,0.1582,0.1518,0.1455,0.1392,0.1329,0.1265,0.1202,0.1139,0.1076,0.1012,0.0949,0.0886,0.0822,0.15589999999999998,0.2296,0.3033,0.3769,0.4506,0.5243,0.5980000000000001,0.6716,0.7453,0.8190000000000001,0.8926999999999999,0.9662999999999998,1.0399999999999998,1.12,1.2,1.28,1.36,1.4400000000000002,1.5200000000000002,1.6000000000000003,1.6800000000000004,1.7600000000000005,1.8400000000000003,1.92,2.0,2.0,2.0,2.0,2.0,2.0,2.0,2.0,2.0,2.0,2.0,2.0,2.0,2.0
GLUCOSE,1.75DS,World,Carbon Sequestration|CCS,Gt CO2e/yr,,,,,,,,,,,,,,,,,,,,,,,,,,,,,,,,,,,-0.04113267656536816,-0.08197123251445708,-0.08197123251445708,-0.08197123251445708,-0.11679164606748545,-0.2678342811724043,-0.3076785931653861,-0.3097857389042463,-0.31148995374856736,-0.31284996166068835,-0.3128499616606855,-0.265065341469826,-0.2620275616789451,-0.4482886186920692,-0.7023600395919956,-0.6793436898425211,-0.9299155446494382
GLUCOSE,1.75DS,World,Carbon Sequestration|CCS|Biomass,Gt CO2e/yr,,,,,,,,,,,,,,,,,,,,,,,,,,,,,,,,,,,-0.04113267656536816,-0.08197123251445708,-0.08197123251445708,-0.08197123251445708,-0.11679164606748545,-0.2678342811724043,-0.3076785931653861,-0.3097857389042463,-0.31148995374856736,-0.31284996166068835,-0.3128499616606855,-0.265065341469826,-0.2620275616789451,-0.4482886186920692,-0.7023600395919956,-0.6793436898425211,-0.9299155446494382
GLUCOSE,1.75DS,World,Carbon Sequestration|Direct Air Capture,Gt CO2e/yr,-0.6630368700000001,-0.66303687,-0.6630368700000001,-0.6630368700000001,-0.66303687,-0.66303687,-0.66303687,-0.66303687,-0.6630368700000001,-0.6630368699999999,-0.66303687,-0.66303687,-0.6630368700000001,-0.6630368700000001,-0.66303687,-0.66303687,-0.6630368700000002,-0.66303687,-0.6630368700000001,-0.6630368700000001,-0.66303687,-0.6630368700000001,-0.6630368700000002,-0.66303687,-0.66303687,-0.66303687,-0.66303687,-0.66303687,-0.66303687,-0.6630368700000001,-0.66303687,-0.6630368700000001,-0.66303687,-0.66303687,-0.66303687,-0.66303687,-0.66303687,-0.66303687,-0.66303687,-0.6630368700000001,-0.6630368700000001,-0.66303687,-0.66303687,-0.66303687,-0.66303687,-0.6630368699999998,-0.6630368699999999,-0.66303687,-0.66303687,-0.66303687,-0.6630368699999999
GLUCOSE,1.75DS,World,Electricity Use|Final,EJ/yr,47.9524209535635,49.83888402288755,51.66016665809172,53.417529727415754,55.11111236261993,56.743080978439856,59.72916660631296,61.695774154966486,63.63594180256422,65.53823263677548,67.44542519761215,67.63720271183502,67.82766637997402,68.02421317432223,68.2199359651416,68.4150311630185,68.6847315452404,68.95718704858666,69.21654689846865,69.46726497127246,69.71163708170053,70.96248532524442,72.21124037282844,73.45577776735175,74.69760908381045,75.92992217335316,76.91345183365587,77.89874073252166,78.88569050124168,79.8718275270537,80.86103536688975,82.85503464580098,84.82673631116624,86.820801529639,88.81385322443796,90.81061748048822,92.79341763856311,94.78050303559156,96.74819142083072,98.7123187459004,100.67905891657983,100.61915829617044,100.58034805072771,100.57390245649323,100.57507600579945,100.56975395759198,100.24864607022364,100.57390245649323,100.602838585255,100.59619782138027,100.6085141322126
GLUCOSE,1.75DS,World,Electricity Use|Industry,EJ/yr,8953.051193826312,9035.904606432397,9118.736240219534,9201.546701224837,9284.33715034462,9367.108142687808,9449.86368886554,9532.598490837432,9615.320662229718,9698.023976835448,9780.716373945246,9721.475852435971,9662.210127088887,9602.920039164432,9543.606417427378,9484.270408583645,9424.914008958129,9365.53442654039,9306.134992401883,9246.713581370748,9187.276969785327,9127.821634428416,9068.345006649526,9008.852988301514,8949.343811338978,8889.818821322933,8830.279757245971,8770.721697194129,8711.15255855958,8651.565373635194,8591.9679401248,8532.35541615279,8472.729184748312,8413.090809372383,8353.439399335619,8293.776627038651,8234.103549136342,8174.41556218687,8114.720021201337,8055.010172884336,7995.293327517133,7995.295639437374,7995.295639437374,7995.295639437374,7995.295639437374,7995.295639437374,7995.295639437374,7995.295639437374,7995.295639437374,7995.295639437374,7995.295639437374
GLUCOSE,1.75DS,World,Electricity Use|Land,EJ/yr,1848.7430903958862,1871.956332745543,1895.7647864375,1918.9780287871579,1942.7864824791134,1969.8099580766616,1999.2417010158056,2028.331440422716,2057.7631833618593,2086.8529227687704,2116.879877050213,2066.827606174006,2017.6354787413745,1971.202664158253,1924.5534774147736,1879.5900441898884,1835.8836415630276,1792.8617712651053,1750.68680034734,1708.7578123188973,1668.725828037338,1628.0889520252435,1588.4937779598572,1549.5011912654866,1510.7418974795353,1471.824877418879,1433.6403755895851,1395.7436764244715,1357.8489953214387,1319.552363248246,1282.2248775584587,1243.8346427092856,1205.7435212090431,1167.00858081883,1143.4347773067416,1128.182726417962,1113.662580353852,1099.5632689197141,1085.8119167628372,1072.1214391618282,1059.0878984331073,1059.0878984331073,1059.0878984331073,1059.0878984331073,1059.0878984331073,1059.0878984331073,1059.0878984331073,1059.0878984331073,1059.0878984331073,1059.0878984331073,1059.0878984331073
GLUCOSE,1.75DS,World,Electricity Use|Transport,EJ/yr,0.4980986999999999,0.5048676900000001,0.5131615999999999,0.5196588400000001,0.5260256400000001,0.53388475,0.6318569600000001,0.64200501,0.6503672599999999,0.75331179,0.7638108000000001,0.7810632000000001,0.7983156,0.8139996000000002,1.0398491999999997,1.0602383999999998,1.0837643999999997,1.1088588,1.1339532000000003,1.1590476,2.360442,2.4137676000000003,2.4670932000000003,2.5204188000000007,3.845397162297285,3.929694467507461,4.841330006012421,5.925112283063826,6.914070501567925,7.923975432518574,9.068587086665591,10.2228540312344,11.266703966515497,12.296887344503155,13.343994022602056,14.397689972773168,17.167938107238406,18.181157266299987,18.459204467313416,18.5908993606555,19.57558250129034,19.575582501290352,19.575582501290338,19.575582501290345,19.575582501290338,19.575582501290338,19.575582501290338,19.575582501290338,19.575582501290338,19.575582501290338,19.575582501290338
GLUCOSE,1.75DS,World,Emissions|CO2|AFOLU,Gt CO2e/yr,4.899566956418312,4.922742519629067,4.946512328050353,4.9689578774034295,4.990162828416824,5.035499544165239,5.098912572490349,5.1558210450388415,5.2192340733639515,5.276142545912447,5.340085698012893,5.229640607639072,5.122085957561639,5.024916773356758,4.923486217029082,4.825399205892112,4.735826460474943,4.642822565635947,4.552180923851673,4.463296391275315,4.382887746165585,4.297961114074006,4.215315426884116,4.1395997967665,4.060172113523058,3.981800835678882,3.9052315754811997,3.834854550485179,3.7606484969009126,3.6871078766121017,3.6200653955957396,3.5483174892636526,3.4777511198717734,3.4074933398139837,3.3560284389342296,3.3083220607308377,3.2620610016113316,3.2212167431703396,3.1770980284520047,3.133749794792745,3.091678906849149,3.091678906849149,3.0916789068491495,3.0916789068491495,3.0916789068491495,3.0916789068491495,3.0916789068491495,3.0916789068491495,3.0916789068491495,3.0916789068491495,3.0916789068491495
GLUCOSE,1.75DS,World,Emissions|CO2|Energy and Industrial Processes,Gt CO2e/yr,30.866670236275453,31.102305336427044,31.33793985882393,31.573492825904793,31.70929075487393,31.846187097557166,31.855912922919213,31.776241352223497,31.696572895386353,31.61690657979204,31.537336153234723,30.95587359644675,30.375117838472207,29.643831772315114,28.91254145019449,28.181269903324193,27.449993969524105,27.096940396006563,26.641552897659075,25.989738047079058,25.165971065107605,24.56781888592599,23.79004457311588,23.0053402032335,22.223357886476943,21.44130916432114,20.657458424518797,19.867415449514816,19.081211503099084,18.294332123387907,17.499954604404248,16.901232510736346,16.30132888012823,15.70111666018602,15.082111561065773,14.458347939269162,13.83413899838867,13.204513256829662,12.578161971547994,11.951040205207256,11.322631093150854,11.322631093150843,11.322631093150857,11.32263109315086,11.322631093150854,11.322631093150857,11.32263109315085,11.322631093150854,11.32263109315085,11.322631093150854,11.32263109315085
GLUCOSE,1.75DS,World,Emissions|CO2|Energy|Supply,Gt CO2e/yr,29.762546342519144,29.98840379376324,30.214260960409963,30.44003768673209,30.567157241895828,30.69428162654404,30.694235681965708,30.604793345654727,30.515354221888003,30.42591824831966,30.336578225534083,29.766282070039516,29.195582544660937,28.474358179836297,27.753134109999998,27.03193411,26.31073411,25.968770740826802,25.52345455690227,24.881715766788968,24.06802908848192,23.479961804944335,22.712277308349293,21.937667177392083,21.16669474106267,20.394735520241646,19.620978297956285,18.841033530965984,18.06493167140943,17.288158930594804,16.50389181348673,15.91610494997289,15.326307289513036,14.736205415807664,14.127314364309589,13.513669039590294,12.899581974237623,12.280829354037618,11.664595747291507,11.047595812500905,10.42931200647878,10.429312006478769,10.429312006478785,10.429312006478789,10.429312006478781,10.429312006478785,10.429312006478778,10.429312006478781,10.429312006478778,10.429312006478781,10.429312006478778
GLUCOSE,1.75DS,World,Emissions|CO2|Industrial Processes,Gt CO2e/yr,1.1041238937563085,1.1139015426638004,1.123678898413967,1.1334551391726995,1.1421335129781007,1.1519054710131247,1.1616772409535068,1.1714480065687751,1.181218673498351,1.1909883314723833,1.2007579277006444,1.1895915264072343,1.179535293811265,1.1694735924788153,1.1594073401944862,1.1493357933241868,1.1392598595241057,1.1281696551797626,1.1180983407568093,1.1080222802900896,1.0979419766256866,1.0878570809816552,1.077767264766586,1.067673025841418,1.0566631454142703,1.0465736440794993,1.0364801265625152,1.0263819185488348,1.0162798316896535,1.0061731927930986,0.9960627909175138,0.985127560763459,0.9750215906151972,0.9649112443783577,0.9547971967561845,0.9446788996788691,0.9345570241510462,0.9236839027920436,0.9135662242564858,0.9034443927063512,0.8933190866720727,0.8933190866720727,0.8933190866720728,0.8933190866720727,0.8933190866720728,0.8933190866720727,0.8933190866720727,0.8933190866720727,0.8933190866720728,0.8933190866720728,0.8933190866720728
GLUCOSE,1.75DS,World,Final Energy|Industry|Solids|Coal,EJ/yr,8953.051193826312,9035.904606432397,9118.736240219534,9201.546701224837,9284.33715034462,9367.108142687808,9449.86368886554,9532.598490837432,9615.320662229718,9698.023976835448,9780.716373945246,9721.475852435971,9662.210127088887,9602.920039164432,9543.606417427378,9484.270408583645,9424.914008958129,9365.53442654039,9306.134992401883,9246.713581370748,9187.276969785327,9127.821634428416,9068.345006649526,9008.852988301514,8949.343811338978,8889.818821322933,8830.279757245971,8770.721697194129,8711.15255855958,8651.565373635194,8591.9679401248,8532.35541615279,8472.729184748312,8413.090809372383,8353.439399335619,8293.776627038651,8234.103549136342,8174.41556218687,8114.720021201337,8055.010172884336,7995.293327517133,7995.295639437374,7995.295639437374,7995.295639437374,7995.295639437374,7995.295639437374,7995.295639437374,7995.295639437374,7995.295639437374,7995.295639437374,7995.295639437374
GLUCOSE,1.75DS,World,Final Energy|Other Sector|Solids|Coal,EJ/yr,1848.7430903958862,1871.956332745543,1895.7647864375,1918.9780287871579,1942.7864824791134,1969.8099580766616,1999.2417010158056,2028.331440422716,2057.7631833618593,2086.8529227687704,2116.879877050213,2066.827606174006,2017.6354787413745,1971.202664158253,1924.5534774147736,1879.5900441898884,1835.8836415630276,1792.8617712651053,1750.68680034734,1708.7578123188973,1668.725828037338,1628.0889520252435,1588.4937779598572,1549.5011912654866,1510.7418974795353,1471.824877418879,1433.6403755895851,1395.7436764244715,1357.8489953214387,1319.552363248246,1282.2248775584587,1243.8346427092856,1205.7435212090431,1167.00858081883,1143.4347773067416,1128.182726417962,1113.662580353852,1099.5632689197141,1085.8119167628372,1072.1214391618282,1059.0878984331073,1059.0878984331073,1059.0878984331073,1059.0878984331073,1059.0878984331073,1059.0878984331073,1059.0878984331073,1059.0878984331073,1059.0878984331073,1059.0878984331073,1059.0878984331073
GLUCOSE,1.75DS,World,Final Energy|Residential and Commercial|Solids|Coal,EJ/yr,9.508450896000001,12.452841071999998,14.875728412635173,14.464688188635172,12.7756941261075,9.43142094927792,,,,,1.9986355171269334,0.06695940641044455,,,,,2.8297332766351735,,,,,,,,,,,,,,,,,,,,,,,,,,,,,,,,,,
GLUCOSE,1.75DS,World,Final Energy|Solids|Coal,EJ/yr,10811.302735118195,10920.313780249942,11029.376755069672,11134.98941820063,11239.89932694984,11346.34952171375,11449.105389881346,11560.929931260152,11673.083845591582,11784.876899604216,11899.594886512587,11788.370418016393,11679.845605830256,11574.122703322688,11468.159894842149,11363.860452773539,11263.627383797791,11158.396197805489,11056.821792749217,10955.471393689644,10856.002797822663,10755.910586453658,10656.838784609383,10558.354179566999,10460.085708818513,10361.643698741811,10263.920132835556,10166.465373618601,10069.00155388102,9971.117736883443,9874.192817683259,9776.190058862076,9678.472705957356,9580.099390191213,9496.874176642355,9421.959353456616,9347.766129490194,9273.978831106586,9200.531937964171,9127.13161204616,9054.38122595024,9054.38353787048,9054.38353787048,9054.38353787048,9054.38353787048,9054.38353787048,9054.38353787048,9054.38353787048,9054.38353787048,9054.38353787048,9054.38353787048
GLUCOSE,1.75DS,World,Final Energy|Transportation|Electricity|Rail,EJ/yr,0.4980986999999999,0.5048676900000001,0.5131615999999999,0.5196588400000001,0.5260256400000001,0.53388475,0.6318569600000001,0.64200501,0.6503672599999999,0.75331179,0.7638108000000001,0.7810632000000001,0.7983156,0.8139996000000002,1.0398491999999997,1.0602383999999998,1.0837643999999997,1.1088588,1.1339532000000003,1.1590476,2.360442,2.4137676000000003,2.4670932000000003,2.5204188000000007,2.5737444,2.62707,2.7164688,2.8058676,2.8952664,2.9846652,3.0740640000000012,3.1634628000000014,3.2528616,3.3422604,3.4316592000000004,3.521058,3.5675106326868904,3.6998556,3.7892544,3.878653200000001,3.9664836,3.9664836,3.9664836,3.9664836,3.9664836,3.9664836,3.9664836,3.9664836,3.9664836,3.9664836,3.9664836
GLUCOSE,1.75DS,World,Final Energy|Transportation|Electricity|Road,EJ/yr,,,,,,,,,,,,,,,,,,,,,,,,,1.2716527622972849,1.3026244675074614,2.1248612060124206,3.1192446830638265,4.018804101567925,4.939310232518575,5.99452308666559,7.059391231234399,8.013842366515497,8.954626944503156,9.912334822602055,10.87663197277317,13.600427474551516,14.481301666299986,14.669950067313417,14.7122461606555,15.609098901290343,15.60909890129035,15.609098901290336,15.609098901290345,15.609098901290336,15.609098901290336,15.609098901290336,15.609098901290336,15.60909890129034,15.60909890129034,15.609098901290336
GLUCOSE,1.75DS,World,Final Energy|Transportation|Fossils|Rail,EJ/yr,3.3956440000000003,3.469249,3.5428540000000006,3.616459,3.6949710000000002,3.763669,3.577203,3.6508079999999996,3.7293199999999995,3.5134119999999998,3.58211,3.6606219999999996,3.739134000000001,3.8225530000000005,3.2484340000000005,3.322039,3.3956440000000003,3.4643420000000007,3.537947,3.6066450000000008,,,,,,,,,,,,,,,,,0.1343642202278974,,,,,,,,,,,,,,
GLUCOSE,1.75DS,World,Final Energy|Transportation|Fossils|Road,EJ/yr,62.183267999999984,63.537844356,64.864886254,66.173029244,67.45326145599999,68.705588875,69.59701891799999,70.465680362,71.31162119200003,72.13484896799999,72.92411078116183,73.50891873016221,74.12339662000001,74.673140605,75.20360652000001,75.71191145,75.85967065600002,75.994005234,76.11491518400001,76.222400506,76.31646119999998,76.51893018000003,76.70580540000002,76.87708686,72.64649401758327,72.67975801787284,70.09420349375426,66.89692464566389,64.00877726647585,61.03043608812433,57.569511508312885,53.933566549133495,50.662956471671194,47.42396232556884,44.11107126934363,40.75992821130414,31.220648515025204,28.024717248124688,27.203068706368203,26.872834933681027,23.58160533178114,23.581605331781127,23.58160533178117,23.58160533178114,23.581605331781162,23.58160533178117,23.58160533178114,23.581605331781162,23.58160533178114,23.58160533178114,23.58160533178116
GLUCOSE,1.75DS,World,Final Energy|Transportation|Liquids|Biomass|Road,EJ/yr,1.7894351999999998,1.848879816,1.907537604,1.768518024,1.6372917120000001,1.5137222099999998,1.3866989640000005,1.2696515160000001,1.1614858080000001,1.0620294720000003,1.227848829510278,1.238477756302221,0.133907592,0.06654601799999971,,,,,,,,,,,,,,,,,,,,,,,,,,,,,,,,,,,,,
GLUCOSE,1.75DS,World,Land Cover|Cropland,million ha,1845.644466418312,1868.8200296290659,1892.5898380503531,1915.7654012611074,1939.5352096823935,1966.5148214682708,1995.8987915580365,2024.9413132469194,2054.325283336685,2083.3678050255685,2113.3460203258655,2063.3701034271826,2014.2526893301585,1967.8898525337586,1921.3107252484435,1876.4143321947283,1832.772632193295,1789.8140413812246,1747.7006476585573,1705.832493545351,1665.8579028041804,1625.2790229097695,1585.7397558674202,1546.8016799494133,1508.0960792152819,1469.2325472217804,1431.099860402835,1393.2540008395404,1355.4096223952984,1317.1633850666772,1279.8841326596735,1241.5432383337038,1203.5003231676137,1164.813953032195,1141.27533794173,1126.0520913885714,1111.5593674176312,1097.4866833073552,1083.7613013341381,1070.0966789518473,1057.0877527804878,1057.0877527804878,1057.0877527804878,1057.0877527804878,1057.0877527804878,1057.0877527804878,1057.0877527804878,1057.0877527804878,1057.0877527804878,1057.0877527804878,1057.0877527804878
GLUCOSE,1.75DS,World,Land Cover|Cropland|Irrigated,million ha,367.8,367.8,367.80000000000007,367.8,367.8,367.80000000000007,367.80000000000007,367.8,367.8,367.80000000000007,367.8,386.19,405.49950000000007,425.7744749999998,447.06319880000007,469.41635870000005,492.88717659999986,517.5315355,543.4081122,570.5785178,599.1074437000001,629.0628159000001,660.5159567000002,693.5417544999998,728.2188422999999,764.6297844,802.8612735999999,843.0043373,885.1545541999999,929.4122819,975.8828959999997,1024.677041,1075.9108930000002,1129.7064369999998,1141.27533794173,1126.0520913885714,1111.5593674176312,1097.4866833073552,1083.7613013341381,1070.0966789518473,1057.0877527804878,1057.0877527804878,1057.0877527804878,1057.0877527804878,1057.0877527804878,1057.0877527804878,1057.0877527804878,1057.0877527804878,1057.0877527804878,1057.0877527804878,1057.0877527804878
GLUCOSE,1.75DS,World,Land Cover|Forest,million ha,4000.0000000000014,4000.0000000000014,4000.0000000000014,3993.2345987388926,3969.464790317609,3920.378952133657,3852.329707327114,3791.06612337425,3723.0168785677065,3661.7532946148463,3593.1098045977706,3711.5422734540257,3826.9079636390243,3931.2786114544488,4040.09425483894,4145.3121942657035,4241.589140035429,4341.382711774469,4438.6594693380175,4534.092049209758,4620.577042871109,4711.801986831159,4800.580482826213,4882.11215475071,4967.485210344781,5051.771731735288,5134.132066124998,5210.03533894336,5289.918386035714,5369.139021920089,5441.535153579356,5518.899334425033,5595.0137486347485,5670.85423229466,5726.059330264184,5776.752821830632,5825.890901395947,5869.368211694202,5916.223714114396,5962.27395985497,6006.948828865538,6006.948828865538,6006.948828865536,6006.948828865536,6006.9488288655375,6006.948828865534,6006.9488288655375,6006.9488288655375,6006.948828865536,6006.9488288655375,6006.948828865536
GLUCOSE,1.75DS,World,Land Cover|Natural Forest,million ha,1285.0,1285.0,1285.0000000000002,1285.0,1285.0,1285.0,1285.0,1285.0,1285.0,1284.9999999999998,1285.0,1285.0,1285.0,1285.0,1285.0,1285.0,1285.0000000000002,1285.0,1285.0000000000002,1285.0,1285.0,1285.0,1285.0000000000005,1285.0,1284.9999999999998,1285.0,1285.0,1285.0,1285.0,1285.0000000000002,1285.0,1285.0000000000002,1285.0,1285.0,1285.0,1285.0,1285.0,1285.0,1285.0,1285.0,1285.0,1285.0,1285.0,1284.9999999999998,1284.9999999999998,1284.9999999999995,1285.0,1285.0,1285.0,1285.0,1285.0
GLUCOSE,1.75DS,World,Land Cover|Pasture,million ha,3200.0,3200.0000000000005,3200.0,3200.0,3200.0,3222.106226398072,3260.7715011148484,3292.992563378829,3331.657838095605,3363.878900359586,3402.5441750763634,3334.0876231187904,3267.8393470308183,3209.831536011793,3147.595019912616,3087.273473539568,3034.6382277712746,2977.803246844308,2922.6398830034263,2869.0754572448914,2822.565054324712,2771.918990259073,2722.679761306371,2680.0861652998747,2633.418710439937,2587.995721042931,2543.7680734721616,2505.710660217097,2463.6719915689873,2422.697593013233,2387.580713760971,2348.557427241261,2310.485928197641,2273.3318146731453,2241.6653317940877,2206.1950867807973,2171.549731186422,2142.145104998442,2109.0149845514647,2076.6293611931837,2044.963418353976,2044.963418353976,2044.963418353976,2044.963418353976,2044.963418353976,2044.963418353976,2044.963418353976,2044.963418353976,2044.963418353976,2044.963418353976,2044.963418353976
GLUCOSE,1.75DS,World,Primary Energy|Biomass,EJ/yr,36.423419817305245,36.545733950773915,36.67118434407512,36.72246176430214,36.598329169179856,36.208378261549555,35.61931158438206,35.10463060601071,34.515563928843186,34.00088295047188,33.4087129584263,34.664798920747096,35.88554744718716,36.99398428857925,38.145957323614,39.26329072692513,40.28360743700486,41.34398497959487,42.37793597334225,43.38938684149313,44.3100243142674,45.277295005345536,46.22201425262371,47.087505587328536,47.9964677103964,48.89088496449433,49.76821351491643,50.57460665900677,51.425923692806634,52.267149149090145,53.03985357084257,53.86158624921976,54.67333263775187,55.47906649567855,56.071265063688664,56.612955504633945,57.14145037939991,57.60737091702918,58.111898731771326,58.604835091544935,59.08646625548601,59.086466255486016,59.086466255486,59.08646625548601,59.086466255485995,59.086466255485995,59.08646625548598,59.08646625548599,59.086466255486,59.08646625548598,59.086466255485995
GLUCOSE,1.75DS,World,Primary Energy|Coal,EJ/yr,139.2476,140.3512,141.4548,142.5583,142.55829999999997,142.5583,142.55830000000003,141.5583,140.5583,139.5583,138.5583,134.55830000000003,130.5583,126.5583,122.5583,118.55830000000002,114.5583,114.80032047904696,113.8862692047233,110.77509705580505,105.74057045281783,103.22975072644671,98.70978991442163,94.112361156511,89.55562249510817,84.98784597585731,80.39995758340359,75.74285728149866,71.12874252135823,66.50712349658615,61.80167475935941,59.29399172229182,56.763816549362794,54.23023854370985,51.94658781739327,49.60646736135068,46.8045986213879,43.95054246702544,41.51415328142048,40.36921704332561,37.966090711903405,37.989660574754076,38.00872338061912,38.02393599708585,38.023935997085744,37.48943241553256,37.455452775813434,39.53890978938311,42.38087199184311,42.12341841522708,44.92623558308966
GLUCOSE,1.75DS,World,Primary Energy|Gas,EJ/yr,108.03539999999998,109.717,111.3986,113.0802,114.7618,116.44329999999998,116.4433,116.4433,116.4433,116.4433,116.4433,116.4433,116.4433,113.4433,110.4433,107.4433,104.4433,101.4433,98.44329999999998,95.4433,92.4433,89.4433,86.4433,83.4433,80.44329999999998,77.44329999999998,74.4433,71.4433,68.4433,65.4433,62.4433,59.4433,56.4433,53.44330000000001,50.4433,47.44330000000001,44.4433,41.4433,38.4433,35.44330000000001,32.4433,32.4433,32.4433,32.4433,32.4433,32.4433,32.443299999999994,32.443299999999994,32.4433,32.443299999999994,32.443299999999994
GLUCOSE,1.75DS,World,Primary Energy|Geothermal,EJ/yr,0.649389312,0.6266833920000001,0.60170688,0.5842485504,0.5613912576000001,0.5408550144,0.5179977216,0.49286983679999996,0.4700125439999999,0.4471552512,0.426619008,0.4037617152,0.3786338304,0.35577653760000005,0.3329192448,0.310061952,0.28952570879999995,0.264397824,0.24154053119999996,0.2186832384,0.1958259456,1.2940356095999999,5.408721750643453,8.19314662549731,9.156542073134053,12.245507793151562,16.088207159752685,16.308351100521712,16.39887203492169,16.489392969321706,16.579913903721728,16.71685583012171,16.85379775652171,16.99073968292171,18.194735345013783,19.301688431102257,19.410777762302267,19.51986709350227,19.631277474302266,24.228655003450204,25.8705419558157,25.870541955815696,25.870541955815707,25.870541955815707,25.8705419558157,25.870541955815707,25.870541955815707,21.811964665972248,19.746573394915107,18.841557390478357,17.883610988764197
GLUCOSE,1.75DS,World,Primary Energy|Hydro,EJ/yr,12.561203813760002,12.6517229064576,12.7345465844352,12.812557074105598,12.8842950281472,12.949760446560001,13.006254680294399,13.059211495680001,12.8800844928,12.7023791328,12.523252129920001,12.344125127040002,12.164998124159998,11.985871121279997,11.806744118399997,11.6290387584,11.44991175552,11.270784752640004,12.15492600013649,14.108263317256485,16.061600634376482,18.016359594376482,19.969696911496484,21.923034228616487,23.525346378240002,23.806831668480005,24.03571617216,24.26602231872,24.49632846528,24.72521296896,24.954097472639994,25.1559707616,25.35784405056,25.559717339519988,25.76301227136,25.964885560319985,26.099941633919997,26.23499770752,26.370053781120006,26.505109854719997,26.64158757119998,26.641587571200002,26.641587571200002,26.641587571199995,26.641587571200002,26.641587571200002,26.641587571199995,26.641587571200002,26.641587571200002,26.641587571199988,26.641587571199988
GLUCOSE,1.75DS,World,Primary Energy|Nuclear,EJ/yr,11.228529679167929,9.094841634332726,3.879485860061593,2.4761447059949573,2.419730987351962,2.36413802898432,4.513145304603986,10.046597996443808,14.477408257476682,15.918414413099574,23.758954217856,23.1360645814272,22.442646474143235,21.880406921472,21.2626990282752,20.639214042623998,20.0174710046976,19.4049448547328,18.7866746872704,18.170146467532803,17.562802060799996,16.974894703679993,16.39442921184,15.806521854720001,15.218614497599999,14.638149005759999,14.050241648639998,13.46233429152,12.88186879968,14.57471386508241,18.32408468594502,22.246106133761092,25.487974189582893,28.13888471373716,28.509435778892346,27.92152842177234,27.333621064652352,26.753155572812343,26.165248215692355,25.57734085857235,31.85292502051018,32.16966500769441,32.33377041178606,32.33377041178606,32.33377041178606,32.930871473333404,34.815568532040075,37.584245102752384,38.32157931670761,39.842426106556076,43.594856822711776
GLUCOSE,1.75DS,World,Primary Energy|Oil,EJ/yr,167.54559999999995,168.14630000000002,168.747,169.3477,169.9483,170.549,170.549,170.549,170.549,170.549,170.549,167.549,164.549,161.549,158.549,155.54900000000004,152.549,149.549,146.54900000000004,143.54899999999995,140.54900000000004,137.549,134.549,131.54899999999998,128.54900000000004,125.54899999999999,122.549,119.54899999999999,116.54900000000002,113.54899999999999,110.549,107.54899999999999,104.54899999999999,101.54899999999999,98.549,95.54899999999999,92.54899999999999,89.54899999999999,86.54899999999999,83.54900000000002,80.54899999999998,80.54899999999999,80.54899999999998,80.54899999999998,80.54899999999998,80.54899999999998,80.54899999999998,80.54899999999998,80.54899999999998,80.54899999999998,80.54899999999999
GLUCOSE,1.75DS,World,Primary Energy|Solar,EJ/yr,0.77186189088,0.9965532418559999,1.219825472832,1.2671639353727997,1.3144393385279998,1.3617778010687998,1.4076340842239996,1.4549725467647998,1.5023110093055996,1.5495864124607994,1.6246514119795197,1.7177409182592,1.81695418404192,1.9208090299420797,2.0292423965740793,2.1409612827091205,2.258677809575999,2.3810989759459193,2.5081617224332797,2.6383838696524804,2.7086194245921122,2.698809408835488,2.689031089565568,3.435191099000191,4.301430754539024,5.616691668630079,6.3677208922504605,9.03276391562572,12.046276874268997,14.706799593600962,16.721643881343745,18.744971117291858,21.05807688028627,23.69976370869211,26.721624419574773,30.17771296383615,32.8363790091336,37.24908344026861,42.85233476564915,45.54052177660242,47.051512463918854,47.13245031493608,47.13245031493611,47.13245031493608,47.13245031493611,47.132450314936094,47.132450314936094,47.132450314936094,47.132450314936094,47.132450314936094,45.50688329004919
GLUCOSE,1.75DS,World,Primary Energy|Wind,EJ/yr,1.308491712,1.2656847456,1.2217487904,1.1781628848,1.1326091328,1.08657288,1.0405870848,0.9926050608,0.9450203904,0.8945438687999999,0.8453540159999999,0.7925375232,0.7371981503999999,1.3975556832,2.0613191040000003,2.730970296,3.4043679647999996,4.0820608368,4.765650940799999,5.4526311648000005,6.144600384,6.842129400000002,7.5430390752,8.249861750400001,8.959131619199999,10.4415696,11.991248640000002,13.549757759999995,14.859763200000005,15.661408319999996,16.468099199999997,17.279835839999997,18.096618239999998,18.918446400000008,19.745320319999998,20.577240000000007,21.414205440000003,22.25621664,22.326226559999988,22.39623648,22.466246400000013,22.466246400000013,22.466246400000013,22.466246400000013,22.466246400000013,22.466246400000013,22.466246400000013,22.466246400000013,22.466246400000013,22.466246400000013,22.466246400000013
GLUCOSE,1.75DS,World,Secondary Energy|Electricity,EJ/yr,77.83416651410255,80.24570602645741,82.52487092462174,85.08921488670126,87.15935178933795,89.51557675542746,93.12832039931052,96.00807847528445,101.03261200555622,106.36786630121296,108.42492827002197,111.35178336398839,114.68978361335304,117.26267063717569,121.21814788958366,124.46588500151462,127.37086423014291,127.58996841999881,128.23734545954397,129.06093914019536,131.82455003810838,135.08957289649925,138.7110371066889,142.59370169428948,147.72328428761486,151.02080222079675,153.56356660188007,156.0419215937124,158.32803672016846,160.69138131243642,163.31003102387052,166.08295332403975,167.51332728952852,169.6711221104435,171.45410136020521,173.96262599503743,178.27382672794948,178.6032219993432,179.46778085363837,180.0678948642995,182.2779885089311,181.93269063157257,181.18312916765223,181.14870767628494,181.01637847504577,180.08110221298284,179.87035828232786,178.1745589329291,176.44713873317676,176.56394846911664,174.78604775963194
GLUCOSE,1.75DS,World,"Secondary Energy|Electricity|Coal, w/o CCS",EJ/yr,34.847269786278,37.57168168286918,39.61736101356339,44.048836781969136,45.97032724883807,48.8758263859441,52.280233968497164,51.66879335506061,51.30389599079387,49.38452859665632,47.152507555563766,46.112599357703964,44.96462694849366,43.55824844097251,41.15302969306748,37.735709697358914,34.75741571937889,36.08026295576894,35.48710145309295,33.775171294421156,32.23503340465599,29.70750327098769,27.37610541188839,24.994324200661165,22.61977321735338,20.2776641585371,20.173167844580583,18.367864987023122,16.46100304307978,14.559513425213073,13.485266276163628,12.876189410590165,11.640277746799667,10.867696052698165,10.508331993193039,10.403662462933776,8.1681583187679,4.524727553420077,4.138849260619333,5.070140061316977,5.300617677866324,5.951073566251697,4.391785125036551,4.322156210845321,4.2248944410970495,3.178038592877762,1.8943674672538238,1.3405247168349035,0.7852299070639831,0.23205038825221946,0.23205038825221946
GLUCOSE,1.75DS,World,Secondary Energy|Electricity|Non-Biomass Renewables,EJ/yr,14.359316397696002,14.568613689945598,14.7676674586752,14.791571910662402,14.801773958035197,14.807605077964801,14.800712241830402,14.789767937932801,14.547137169369599,14.302973133100798,14.088784768715518,13.838931254568958,13.588037039808,14.05283973064704,14.520985250100479,14.995084123019522,15.475184940072959,15.957322970112003,17.508626482527525,20.131034005180965,22.773304660248595,26.529886428491963,29.248628688742055,32.731543327296684,35.98363858845904,39.13709636079008,41.75721006249047,46.30158928682572,50.945934766429,54.727508043840956,57.868448649663705,61.04232774097186,64.51103111932626,68.31336132309211,72.50233281221477,77.12915625183615,80.8689331419336,86.36779417786863,92.28752187764916,95.28986421340242,97.11643186839886,97.19736971941609,97.19736971941612,97.19736971941612,97.19736971941612,97.19736971941609,97.19736971941609,97.19736971941609,97.19736971941609,97.19736971941612,95.5718026945292
GLUCOSE,1.75DS,World,Secondary Energy|Electricity|Solar,EJ/yr,0.23304397593600001,0.40144091788799996,0.56841873984,0.5594627933568,0.550443787488,0.5414878410048001,0.531049715136,0.5220937686528,0.5131378221696,0.5041188163008,0.52288940679552,0.5119425371289601,0.5024778468480001,0.4930131565670401,0.48348540690048,0.47260159661952,0.46307384695296006,0.45360915667199997,0.44414446639104,0.43319759672448,0.43712486427211206,0.427314848515488,0.417536529245568,1.1636965386801912,2.0299361942190233,3.3451971083100793,4.096226331930461,6.7612693553057195,9.774782313948995,12.435305033280963,14.450149321023742,16.473476556971864,18.78658231996627,21.42826914837211,24.450129859254773,27.906218403516146,30.564884448813604,34.97758887994862,40.58084020532915,43.26902721628242,44.780017903598846,44.86095575461607,44.86095575461611,44.86095575461608,44.86095575461609,44.860955754616086,44.86095575461608,44.860955754616086,44.860955754616086,44.860955754616086,43.23538872972918
GLUCOSE,1.75DS,World,Secondary Energy|Electricity|Wind,EJ/yr,1.308491712,1.2656847456,1.2217487904,1.1781628847999999,1.1326091327999999,1.0865728799999999,1.0405870848,0.9926050608000001,0.9450203904000001,0.8945438687999999,0.8453540159999999,0.7925375232000001,0.7371981504000001,1.3975556831999998,2.061319104,2.7309702959999997,3.4043679647999996,4.0820608368,4.7656509408,5.4526311648,6.144600384,6.842129400000001,7.543039075200002,8.2498617504,8.959131619199999,10.441569600000001,11.991248640000002,13.549757759999995,14.859763200000003,15.661408319999994,16.4680992,17.279835839999997,18.09661824,18.918446400000008,19.745320319999998,20.577240000000003,21.414205440000007,22.256216639999998,22.32622655999999,22.396236480000002,22.466246400000013,22.466246400000013,22.466246400000013,22.466246400000013,22.466246400000013,22.466246400000013,22.466246400000013,22.466246400000013,22.466246400000013,22.466246400000013,22.466246400000013
