REGION,TECHNOLOGY,YEAR,VALUE
Globe,ALUPLANT,2010,31.61931211282694
Globe,ALUPLANT,2011,17.177029980093252
Globe,ALUPLANT,2012,9.331255411855476
Globe,ALUPLANT,2013,35.792363461012464
Globe,ALUPLANT,2014,35.857651663902956
Globe,ALUPLANT,2015,35.91667736722731
Globe,ALUPLANT,2016,36.00151165119609
Globe,ALUPLANT,2017,36.057913805808944
Globe,ALUPLANT,2018,36.14711244332126
Globe,ALUPLANT,2019,36.21996644940642
Globe,ALUPLANT,2020,70.58479183957391
Globe,ALUPLANT,2021,65.92566254691748
Globe,ALUPLANT,2022,37.76335881554906
Globe,ALUPLANT,2023,37.824113755033274
Globe,ALUPLANT,2024,37.908189882138
Globe,ALUPLANT,2025,37.98566131633667
Globe,ALUPLANT,2026,38.045997314867186
Globe,ALUPLANT,2027,38.13391063162285
Globe,ALUPLANT,2028,38.214552868490436
Globe,ALUPLANT,2029,38.27567364659011
Globe,ALUPLANT,2030,38.37345649240937
Globe,ALUPLANT,2031,20.963366336057508
Globe,ALUPLANT,2032,9.045771252330104
Globe,ALUPLANT,2034,37.4685748809114
Globe,ALUPLANT,2035,165.77278247999746
Globe,ALUPLANT,2036,35.28109820710848
Globe,ALUPLANT,2037,25.646832757771335
Globe,ALUPLANT,2038,57.589770903643
Globe,ALUPLANT,2039,57.51865314647159
Globe,ALUPLANT,2040,36.28881766236977
Globe,ALUPLANT,2041,4.137503949875091
Globe,ALUPLANT,2042,55.975094476698146
Globe,ALUPLANT,2043,29.767919401752042
Globe,ALUPLANT,2044,93.66406652425518
Globe,ALUPLANT,2045,167.57153930617164
Globe,ALUPLANT,2046,92.55773432590397
Globe,ALUPLANT,2047,58.69416680175817
Globe,ALUPLANT,2048,58.638061216742415
Globe,ALUPLANT,2049,58.60305132969238
Globe,ALUPLANT,2050,58.56989352398851
Globe,ALUPLANT,2051,44.98616723948354
Globe,ALUPLANT,2052,44.74999410235861
Globe,ALUPLANT,2053,44.50888858370578
Globe,ALUPLANT,2054,44.248798525835625
Globe,ALUPLANT,2055,44.034586421381874
Globe,ALUPLANT,2056,23.87988952445101
Globe,ALUPLANT,2057,10.229360028144221
Globe,ALUPLANT,2059,41.763962689443204
Globe,ALUPLANT,2060,183.46244881611557
Globe,C1BFRDF00,2010,51.83369266
Globe,C1BFRDF00,2011,2.126605300000012
Globe,C1BFRDF00,2012,2.135851410000001
Globe,C1BMBRFH1,2024,37.03544
Globe,C1BMBRFH1,2025,40.44456
Globe,C1BMBRFH1,2039,37.03544
Globe,C1BMBRFH1,2040,40.44456
Globe,C1BMBRFH1,2054,37.03544
Globe,C1BMBRFH1,2055,40.44456
Globe,C1BMCHP00,2018,134.20706501898763
Globe,C1BMCHP00,2019,171.4392896978018
Globe,C1BMCHP00,2020,254.1494809083701
Globe,C1BMCHP00,2021,266.25374999999997
Globe,C1BMCHP00,2022,266.25374999999997
Globe,C1BMCHP00,2023,176.3411564859232
Globe,C1BMCHP00,2026,87.27656230606205
Globe,C1BMCHP00,2033,170.9232787435063
Globe,C1BMCHP00,2034,51.72291580618224
Globe,C1BMCHP00,2049,9.801589026605209
Globe,C1BMCHP00,2051,2.715859051451006
Globe,C1BMCHP00,2052,16.40624880631383
Globe,C1BMCHP00,2053,151.4336264032304
Globe,C1BMCHP00,2054,202.75560743967796
Globe,C1BMCHP00,2055,266.25374999999997
Globe,C1BMCHP00,2056,266.25374999999997
Globe,C1BMCHP00,2057,266.25374999999997
Globe,C1BMCHP00,2058,176.34115648592748
Globe,C1BMHTF03,2026,3.3722651824201257
Globe,C1BMHTF03,2027,8.002734817579876
Globe,C1BMHTF03,2028,11.374999999999986
Globe,C1BMHTF03,2029,11.375000000000012
Globe,C1BMHTF03,2030,11.374999999999986
Globe,C1BMHTF03,2046,3.372265182420146
Globe,C1BMHTF03,2047,8.002734817579876
Globe,C1BMHTF03,2048,11.374999999999986
Globe,C1BMHTF03,2049,11.375000000000012
Globe,C1BMHTF03,2050,11.374999999999986
Globe,C1BMLP000,2010,257.64792240102116
Globe,C1BMLP000,2011,32.202338907017925
Globe,C1BMLP000,2012,31.94706361149191
Globe,C1COBRFH1,2010,11.96
Globe,C1COBRFH1,2011,11.96
Globe,C1COBRFH1,2012,11.96
Globe,C1COBRFH1,2013,11.96
Globe,C1COBRFH1,2014,11.96
Globe,C1COBRFH1,2015,11.96
Globe,C1COBRFH1,2017,11.96
Globe,C1COBRFH1,2018,11.96
Globe,C1COBRFH1,2019,11.96
Globe,C1COBRFH1,2020,11.96
Globe,C1COBRFH1,2021,11.96
Globe,C1COBRFH1,2022,11.96
Globe,C1COBRFH1,2023,11.96
Globe,C1COBRFH1,2024,11.96
Globe,C1COBRFH1,2025,11.96
Globe,C1COBRFH1,2026,11.96
Globe,C1COBRFH1,2027,11.96
Globe,C1COBRFH1,2028,11.96
Globe,C1COBRFH1,2030,9.213470004224199
Globe,C1COBRFH1,2031,11.96
Globe,C1COBRFH1,2032,11.96
Globe,C1COBRFH1,2033,8.74435835940775
Globe,C1COBRFH1,2034,5.730252059842282
Globe,C1COBRFH1,2035,6.919884836387373
Globe,C1COBRFH1,2036,6.212380306210914
Globe,C1COBRFH1,2037,5.502517184433944
Globe,C1COBRFH1,2038,5.34546758004359
Globe,C1COBRFH1,2039,5.184260590267666
Globe,C1COBRFH1,2040,4.560665249573295
Globe,C1COBRFH1,2041,3.4174437106476185
Globe,C1COBRFH1,2042,3.308663542281784
Globe,C1COBRFH1,2043,3.3116807227752667
Globe,C1COBRFH1,2047,11.96
Globe,C1COBRFH1,2048,11.96
Globe,C1COBRFH1,2049,11.96
Globe,C1COBRFH1,2050,11.96
Globe,C1COBRFH1,2051,1.3499621505059163
Globe,C1COHTF03,2010,23.4
Globe,C1COHTF03,2011,23.4
Globe,C1COHTF03,2012,23.4
Globe,C1COHTF03,2013,23.4
Globe,C1COHTF03,2014,23.4
Globe,C1COHTF03,2015,23.4
Globe,C1COHTF03,2016,23.4
Globe,C1COHTF03,2017,23.4
Globe,C1COHTF03,2018,23.4
Globe,C1COHTF03,2019,23.4
Globe,C1COHTF03,2020,23.4
Globe,C1COHTF03,2021,23.4
Globe,C1COHTF03,2022,23.4
Globe,C1COHTF03,2023,23.4
Globe,C1COHTF03,2024,23.4
Globe,C1COHTF03,2025,23.4
Globe,C1COHTF03,2026,23.4
Globe,C1COHTF03,2027,23.4
Globe,C1COHTF03,2028,23.4
Globe,C1COHTF03,2029,23.4
Globe,C1COHTF03,2030,23.4
Globe,C1COHTF03,2031,23.4
Globe,C1COHTF03,2032,23.4
Globe,C1COHTF03,2033,23.4
Globe,C1COHTF03,2034,23.4
Globe,C1COHTF03,2035,23.4
Globe,C1COHTF03,2036,23.4
Globe,C1COHTF03,2037,23.4
Globe,C1COHTF03,2038,23.4
Globe,C1COHTF03,2039,23.4
Globe,C1COHTF03,2040,23.4
Globe,C1COHTF03,2041,23.4
Globe,C1COHTF03,2042,23.4
Globe,C1COHTF03,2043,23.4
Globe,C1COHTF03,2044,23.4
Globe,C1COHTF03,2045,23.4
Globe,C1COHTF03,2046,23.4
Globe,C1COHTF03,2047,23.4
Globe,C1COHTF03,2048,23.4
Globe,C1COHTF03,2049,23.4
Globe,C1COHTF03,2050,23.4
Globe,C1COHTF03,2051,23.4
Globe,C1COHTF03,2052,23.4
Globe,C1COHTF03,2053,23.4
Globe,C1COHTF03,2054,23.4
Globe,C1COHTF03,2055,23.4
Globe,C1COHTF03,2056,23.4
Globe,C1COHTF03,2057,23.4
Globe,C1COHTF03,2058,23.4
Globe,C1COHTF03,2059,23.4
Globe,C1COLP000,2025,65.3
Globe,C1COLP000,2026,63.56
Globe,C1COLP000,2027,61.82
Globe,C1COLP000,2028,60.08
Globe,C1COLP000,2029,58.34
Globe,C1COLP000,2030,56.6
Globe,C1COLP000,2031,55.92
Globe,C1COLP000,2032,55.24
Globe,C1COLP000,2033,54.56
Globe,C1COLP000,2034,53.88
Globe,C1COLP000,2035,53.2
Globe,C1COLP000,2036,52.52
Globe,C1COLP000,2037,51.84
Globe,C1COLP000,2038,51.16
Globe,C1COLP000,2039,50.48
Globe,C1COLP000,2040,49.8
Globe,C1COLP000,2041,49.12
Globe,C1COLP000,2042,48.44
Globe,C1COLP000,2043,47.76
Globe,C1COLP000,2044,47.08
Globe,C1COLP000,2045,46.4
Globe,C1COLP000,2046,45.72
Globe,C1COLP000,2047,45.04
Globe,C1COLP000,2048,44.36
Globe,C1COLP000,2049,43.68
Globe,C1COLP000,2050,43.0
Globe,C1COLP000,2051,43.0
Globe,C1COLP000,2052,43.0
Globe,C1COLP000,2053,43.0
Globe,C1COLP000,2054,43.0
Globe,C1COLP000,2055,43.0
Globe,C1COLP000,2056,43.0
Globe,C1COLP000,2057,43.0
Globe,C1COLP000,2058,43.0
Globe,C1COLP000,2059,43.0
Globe,C1COLP000,2060,43.0
Globe,C1COSCP00,2024,49.31435590739681
Globe,C1COSCP00,2025,279.56644
Globe,C1COSCP00,2026,279.56644
Globe,C1COSCP00,2027,279.56644
Globe,C1COSCP00,2028,279.56644
Globe,C1COSCP00,2029,279.56644
Globe,C1COSCP00,2030,279.56644
Globe,C1COSCP00,2031,279.56644
Globe,C1COSCP00,2032,279.56644
Globe,C1COSCP00,2033,279.56644
Globe,C1COSCP00,2034,279.56644
Globe,C1COSCP00,2035,279.56644
Globe,C1COSCP00,2036,279.56644
Globe,C1COSCP00,2037,279.56644
Globe,C1COSCP00,2038,279.56644
Globe,C1COSCP00,2039,279.56644
Globe,C1COSCP00,2040,279.56644
Globe,C1COSCP00,2041,279.56644
Globe,C1COSCP00,2042,119.82313125233526
Globe,C1COSCP00,2043,113.94629077596431
Globe,C1COSCP00,2044,46.805199277462194
Globe,C1COSCP00,2045,173.21028002061908
Globe,C1COSCP00,2046,152.71490470624846
Globe,C1COSCP00,2047,131.9971132108929
Globe,C1COSCP00,2048,158.91412064814875
Globe,C1COSCP00,2049,113.86270707924221
Globe,C1COSCP00,2050,131.41226990882427
Globe,C1COSCP00,2051,4.248704014261722
Globe,C1COSCP00,2052,16.395966396113494
Globe,C1COSCP00,2053,17.318124973282927
Globe,C1COSF000,2033,25.161791690382408
Globe,C1COSF000,2034,35.7
Globe,C1COSF000,2035,9.51813493407327
Globe,C1COSF000,2036,8.103982496633899
Globe,C1COSF000,2037,18.857688854584353
Globe,C1COSF000,2038,18.314388135403163
Globe,C1COSF000,2039,5.806405657831163
Globe,C1COSF000,2040,4.9318495736352
Globe,C1COSF000,2041,0.03721632497242423
Globe,C1COSF000,2042,35.25
Globe,C1COSF000,2043,35.25
Globe,C1COSF000,2044,35.25
Globe,C1COSF000,2045,35.25
Globe,C1COSF000,2046,35.25
Globe,C1COSF000,2047,35.25
Globe,C1COSF000,2048,35.25
Globe,C1COSF000,2049,35.25
Globe,C1COSF000,2050,35.25
Globe,C1COSF000,2051,35.25
Globe,C1COSF000,2052,22.162702825434778
Globe,C1COSF000,2053,24.407006852681672
Globe,C1COSF000,2054,35.25
Globe,C1COSF000,2055,10.164193580855347
Globe,C1COSF000,2056,8.913110538909367
Globe,C1COSF000,2057,18.738084062695137
Globe,C1COSF000,2058,18.383195916911635
Globe,C1COSF000,2059,5.794077832655542
Globe,C1ELRDF00,2031,110.52087416881417
Globe,C1ELRDF00,2032,184.52962768586616
Globe,C1ELRDF00,2033,10.070876033973448
Globe,C1ELRDF00,2034,67.09617829725063
Globe,C1ELRDF00,2035,45.392384900720074
Globe,C1ELRDF00,2043,110.52087416881417
Globe,C1ELRDF00,2044,159.7718346332151
Globe,C1ELRDF00,2046,86.95173504730887
Globe,C1ELRDF00,2047,36.32432291787529
Globe,C1ELRDF00,2048,24.04117431941103
Globe,C1ELRDF00,2055,110.5208741688142
Globe,C1ELRDF00,2056,159.77183463321512
Globe,C1ELRDF00,2058,86.95173504730887
Globe,C1ELRDF00,2059,36.324322917875286
Globe,C1GOCVP00,2028,142.0961535
Globe,C1GOCVP00,2030,22.24955249999999
Globe,C1GOCVP00,2031,12.201367499999998
Globe,C1GOCVP00,2032,12.56023125000001
Globe,C1GOCVP00,2033,12.919094999999995
Globe,C1GOCVP00,2034,12.560231249999985
Globe,C1GOCVP00,2035,12.56023125000001
Globe,C1GOCVP00,2036,15.072277500000004
Globe,C1GOCVP00,2037,14.713413749999972
Globe,C1GOCVP00,2038,15.072277500000032
Globe,C1GOCVP00,2039,15.072277499999982
Globe,C1GOCVP00,2040,15.072277499999982
Globe,C1GOCVP00,2041,22.24955249999999
Globe,C1GOCVP00,2042,21.890688750000027
Globe,C1GOCVP00,2043,22.249552499999965
Globe,C1GOCVP00,2044,22.24955250000004
Globe,C1GOCVP00,2045,22.249552499999936
Globe,C1GOCVP00,2046,17.943187500000036
Globe,C1GOCVP00,2047,17.94318749999999
Globe,C1GOCVP00,2048,17.94318749999999
Globe,C1GOCVP00,2049,17.943187500000015
Globe,C1GOCVP00,2050,17.943187500000015
Globe,C1GOHTF03,2048,45.665235997405766
Globe,C1GOHTF03,2049,30.874400253701477
Globe,C1GOHTF03,2060,1098.9574498568545
Globe,C1HFGCPCH,2010,20.0
Globe,C1HFGCPCH,2011,19.900000000000002
Globe,C1HFGCPCH,2012,19.8
Globe,C1HFGCPCH,2013,19.7
Globe,C1HFGCPCH,2014,19.6
Globe,C1HFGCPCH,2015,19.5
Globe,C1HFGCPCH,2016,19.400000000000002
Globe,C1HFGCPCH,2017,19.3
Globe,C1HFGCPCH,2018,19.2
Globe,C1HFGCPCH,2019,19.1
Globe,C1HPASF01,2017,131.61184449778165
Globe,C1HPASF01,2021,101.14523739958177
Globe,C1HPASF01,2022,99.95548451676513
Globe,C1HPASF01,2023,98.21349138799968
Globe,C1HPASF01,2024,97.01561732509552
Globe,C1HPASF01,2025,95.28174537641777
Globe,C1HPASF01,2026,94.07575013342593
Globe,C1HPASF01,2027,92.34999936483548
Globe,C1HPASF01,2028,91.13588294175655
Globe,C1HPASF01,2029,89.41825335325326
Globe,C1HPASF01,2030,88.196015750087
Globe,C1HPASF01,2031,87.36603114514618
Globe,C1HPASF01,2032,87.02006887341898
Globe,C1HPASF01,2033,86.19333274051311
Globe,C1HPASF01,2034,85.84412199675114
Globe,C1HPASF01,2035,85.02063433588032
Globe,C1HPASF01,2036,81.97195067471412
Globe,C1HPASF01,2037,177.28906501629052
Globe,C1HPASF01,2038,73.91649174821482
Globe,C1HPASF01,2039,74.07470134943279
Globe,C1HPASF01,2040,75.13012620085784
Globe,C1HPASF01,2041,154.76571043714853
Globe,C1HPASF01,2042,155.64685847578997
Globe,C1HPASF01,2043,153.29210020036027
Globe,C1HPASF01,2044,157.85920207350787
Globe,C1HPASF01,2045,149.0640042260227
Globe,C1HPASF01,2046,154.36970508322435
Globe,C1HPASF01,2047,152.98048283926946
Globe,C1HPASF01,2048,155.96478366208845
Globe,C1HPASF01,2049,155.2611485451442
Globe,C1HPASF01,2050,150.84465110082965
Globe,C1HPASF01,2051,75.80378902942748
Globe,C1HPASF01,2052,76.76229326653076
Globe,C1HPASF01,2053,75.41262513144757
Globe,C1HPASF01,2054,75.7065550912446
Globe,C1HPASF01,2055,74.7510656805443
Globe,C1HPASF01,2056,72.73297704649497
Globe,C1HPASF01,2057,159.94280745231688
Globe,C1HPASF01,2058,66.43983702902173
Globe,C1HPASF01,2059,68.29582393919401
Globe,C1HPASF01,2060,66.65630154595593
Globe,C1HYDMP00,2022,327.1346057432648
Globe,C1HYDMP00,2023,440.84039723754
Globe,C1HYDMP00,2024,211.92205079481164
Globe,C1HYDMP00,2025,173.43403433200947
Globe,C1HYDMP00,2026,455.81484
Globe,C1HYDMP00,2027,440.2314264939112
Globe,C1HYDMP00,2028,199.309189398463
Globe,C1HYDMP00,2029,122.46225367999985
Globe,C1HYDMP00,2030,122.46225368000002
Globe,C1HYDMP00,2031,98.45600543999996
Globe,C1HYDMP00,2032,98.45600543999996
Globe,C1HYDMP00,2033,98.15212888000016
Globe,C1HYDMP00,2034,98.45600543999996
Globe,C1HYDMP00,2035,98.45600544000064
Globe,C1HYDMP00,2036,87.21257271999986
Globe,C1HYDMP00,2037,87.21257271999986
Globe,C1HYDMP00,2038,87.51644927999965
Globe,C1HYDMP00,2039,87.21257271999986
Globe,C1HYDMP00,2040,87.21257272000052
Globe,C1HYDMP00,2041,81.43891808000049
Globe,C1HYDMP00,2042,81.4389180799998
Globe,C1HYDMP00,2043,81.4389180799998
Globe,C1HYDMP00,2044,81.43891808000049
Globe,C1HYDMP00,2045,81.43891807999998
Globe,C1HYDMP00,2046,67.15671975999987
Globe,C1HYDMP00,2047,67.15671976000003
Globe,C1HYDMP00,2048,67.15671976000003
Globe,C1HYDMP00,2049,67.15671976000003
Globe,C1HYDMP00,2050,67.15671976000003
Globe,C1LFCCP00,2018,44.52057493767737
Globe,C1LFRDF00,2010,1762.2773917
Globe,C1LFRDF00,2011,71.64045349999986
Globe,C1LFRDF00,2012,72.60278794999996
Globe,C1LFRDF00,2013,78.7267344499999
Globe,C1LFRDF00,2014,78.54204400000037
Globe,C1LFRDF00,2015,78.35735354999991
Globe,C1LFRDF00,2016,60.05355789999994
Globe,C1LFRDF00,2017,48.058750294073576
Globe,C1LFRDF00,2018,55.8312455976572
Globe,C1LFRDF00,2019,62.65296256922074
Globe,C1LFRDF00,2020,73.18524563904845
Globe,C1LFRDF00,2021,72.11056166580664
Globe,C1LFRDF00,2022,1829.044327884193
Globe,C1LFRDF00,2023,125.10347849999988
Globe,C1LFRDF00,2024,126.06581294999954
Globe,C1LFRDF00,2025,132.18975945000017
Globe,C1LFRDF00,2026,129.0889040000003
Globe,C1LFRDF00,2027,128.90421355000015
Globe,C1LFRDF00,2028,111.57247290000012
Globe,C1LFRDF00,2029,98.60561029407289
Globe,C1LFRDF00,2030,106.37810559765708
Globe,C1LFRDF00,2031,78.50156339893356
Globe,C1LFRDF00,2032,57.33664480933627
Globe,C1LFRDF00,2033,119.74125666580694
Globe,C1LFRDF00,2034,1874.7309128841925
Globe,C1LFRDF00,2035,168.84595350000006
Globe,C1LFRDF00,2036,187.30527794999958
Globe,C1LFRDF00,2037,194.4012794499999
Globe,C1LFRDF00,2038,190.32836900000058
Globe,C1LFRDF00,2039,190.1436785500017
Globe,C1LFRDF00,2040,172.81193789999855
Globe,C1LFRDF00,2041,155.9568552940731
Globe,C1LFRDF00,2042,163.729350597657
Globe,C1LFRDF00,2043,135.85280839893372
Globe,C1LFRDF00,2044,114.68788980933644
Globe,C1LFRDF00,2045,177.09250166580713
Globe,C1LFRDF00,2046,1929.1659928841907
Globe,C1LFRDF00,2047,223.2810335000004
Globe,C1LFRDF00,2048,241.74035794999955
Globe,C1LFRDF00,2049,248.83635945000054
Globe,C1LFRDF00,2050,244.76344900000046
Globe,C1LFRDF00,2051,190.14367855000128
Globe,C1LFRDF00,2052,172.81193789999855
Globe,C1LFRDF00,2053,155.9568552940731
Globe,C1LFRDF00,2054,163.72935059765697
Globe,C1LFRDF00,2055,135.85280839893372
Globe,C1LFRDF00,2056,114.68788980933647
Globe,C1LFRDF00,2057,177.09250166580745
Globe,C1LFRDF00,2058,1929.1659928841907
Globe,C1LFRDF00,2059,223.2810335000008
Globe,C1LFRDF00,2060,241.74035794999847
Globe,C1NGBRFN1,2010,39.81296296140502
Globe,C1NGCCP00,2012,108.5931870847743
Globe,C1NGCCP00,2013,115.7625
Globe,C1NGCCP00,2014,115.7625
Globe,C1NGCCP00,2015,115.7625
Globe,C1NGCCP00,2016,115.7625
Globe,C1NGCCP00,2017,115.7625
Globe,C1NGCCP00,2018,115.7625
Globe,C1NGCCP00,2019,115.7625
Globe,C1NGCCP00,2020,115.7625
Globe,C1NGCCP00,2021,115.7625
Globe,C1NGCCP00,2022,115.7625
Globe,C1NGCCP00,2023,115.7625
Globe,C1NGCCP00,2024,115.7625
Globe,C1NGCCP00,2025,99.92077151935091
Globe,C1NGCCP00,2026,28.94274463324391
Globe,C1NGCCP00,2027,40.31735168331319
Globe,C1NGCCP00,2028,27.936640647395073
Globe,C1NGCCP00,2029,85.46781066165397
Globe,C1NGCCP00,2042,69.63103913112307
Globe,C1NGCCP00,2043,115.7625
Globe,C1NGCCP00,2044,115.7625
Globe,C1NGCCP00,2045,115.7625
Globe,C1NGCCP00,2046,115.7625
Globe,C1NGCCP00,2047,115.7625
Globe,C1NGCCP00,2048,115.7625
Globe,C1NGCCP00,2049,115.7625
Globe,C1NGCCP00,2050,115.7625
Globe,C1NGCCP00,2051,115.7625
Globe,C1NGCCP00,2052,115.7625
Globe,C1NGCCP00,2053,115.7625
Globe,C1NGCCP00,2054,115.7625
Globe,C1NGCCP00,2055,115.7625
Globe,C1NGCCP00,2056,38.05869902781313
Globe,C1NGCCP00,2057,46.22857081276388
Globe,C1NGCCP00,2058,33.853250235801525
Globe,C1NGCCP00,2059,85.46781066165896
Globe,C1NGCCPCH,2010,17.646355009104333
Globe,C1NGGCPCH,2010,100.0
Globe,C1NGGCPCH,2011,99.5
Globe,C1NGGCPCH,2012,99.0
Globe,C1NGGCPCH,2013,25.68189632823327
Globe,C1NGGCPCH,2021,5.230648348370826
Globe,C1NGGCPCH,2048,28.720604831032826
Globe,C1NGGCPCH,2049,26.940177643510296
Globe,C1NGGCPCH,2050,38.05605181542088
Globe,C1NGGCPCH,2053,16.422131327975944
Globe,C1NGGCPCH,2054,11.973558306333782
Globe,C1NGHTF03,2010,15.600000000000001
Globe,C1NGHTF03,2050,1.2890403196717188
Globe,C1NGLP000,2024,17.700000000000003
Globe,C1NGLP000,2025,17.25
Globe,C1NGLP000,2026,16.799999999999997
Globe,C1NGLP000,2027,16.35
Globe,C1NGLP000,2028,15.899999999999999
Globe,C1NGLP000,2029,15.450000000000001
Globe,C1NGLP000,2030,15.0
Globe,C1NGLP000,2031,14.850000000000001
Globe,C1NGLP000,2032,14.700000000000001
Globe,C1NGLP000,2033,14.549999999999999
Globe,C1NGLP000,2034,14.399999999999999
Globe,C1NGLP000,2035,14.25
Globe,C1NGLP000,2036,14.100000000000001
Globe,C1NGLP000,2037,13.950000000000001
Globe,C1NGLP000,2038,13.799999999999999
Globe,C1NGLP000,2039,13.649999999999999
Globe,C1NGLP000,2040,13.5
Globe,C1NGLP000,2041,13.350000000000001
Globe,C1NGLP000,2042,13.200000000000001
Globe,C1NGLP000,2043,13.049999999999999
Globe,C1NGLP000,2044,12.899999999999999
Globe,C1NGLP000,2045,12.75
Globe,C1NGLP000,2046,12.600000000000001
Globe,C1NGLP000,2047,12.450000000000001
Globe,C1NGLP000,2048,12.299999999999999
Globe,C1NGLP000,2049,12.149999999999999
Globe,C1NGLP000,2050,12.0
Globe,C1NGLP000,2051,12.0
Globe,C1NGLP000,2052,12.0
Globe,C1NGLP000,2053,12.0
Globe,C1NGLP000,2054,12.0
Globe,C1NGLP000,2055,12.0
Globe,C1NGLP000,2056,12.0
Globe,C1NGLP000,2057,12.0
Globe,C1NGLP000,2058,12.0
Globe,C1NGLP000,2059,12.0
Globe,C1NGLP000,2060,12.0
Globe,C1NULWP00,2030,339.42392517216075
Globe,C1NULWP00,2031,551.6407962
Globe,C1NULWP00,2032,550.0135392
Globe,C1NULWP00,2033,548.3862822
Globe,C1NULWP00,2034,546.759015
Globe,C1NULWP00,2035,545.131758
Globe,C1NULWP00,2036,543.5045009999999
Globe,C1NULWP00,2037,541.8772439999999
Globe,C1NULWP00,2038,540.249987
Globe,C1NULWP00,2039,441.32030221050957
Globe,C1NULWP00,2040,368.33406508043106
Globe,C1NULWP00,2041,373.6211281096363
Globe,C1NULWP00,2042,369.74366245910494
Globe,C1NULWP00,2044,154.31612503300144
Globe,C1NULWP00,2060,121.91024402262099
Globe,C1OIHTF03,2010,12.48
Globe,C1OIHTF03,2011,12.365180874414078
Globe,C1OIHTF03,2014,0.9401939954151749
Globe,C1SOC1P00,2032,115.87481592837258
Globe,C1SOC1P00,2033,223.42162500000003
Globe,C1SOC1P00,2034,220.72050000000002
Globe,C1SOC1P00,2035,168.58831954005032
Globe,C1SOC1P00,2036,94.7400299999999
Globe,C1SOC1P00,2037,93.85527375000011
Globe,C1SOC1P00,2038,92.36303999999998
Globe,C1SOC1P00,2039,91.47056624999995
Globe,C1SOC1P00,2040,89.98604999999998
Globe,C1SOC1P00,2041,109.84372875000004
Globe,C1SOC1P00,2042,108.3735449999999
Globe,C1SOC1P00,2043,106.62277500000002
Globe,C1SOC1P00,2044,105.43317750000014
Globe,C1SOC1P00,2045,103.96299374999975
Globe,C1SOC1P00,2046,153.06668999999985
Globe,C1SOC1P00,2047,150.87106125000042
Globe,C1SOC1P00,2048,148.41413999999992
Globe,C1SOC1P00,2049,146.4798037499999
Globe,C1SOC1P00,2050,144.28417500000015
Globe,C1SOTHF00,2010,1.059
Globe,C1SOTHF00,2011,1.059
Globe,C1SOTHF00,2012,1.059
Globe,C1SOTHF00,2013,1.059
Globe,C1SOTHF00,2014,1.059
Globe,C1SOTHF00,2015,1.059
Globe,C1SOTHF00,2016,1.059
Globe,C1SOTHF00,2017,1.059
Globe,C1SOTHF00,2018,1.059
Globe,C1SOTHF00,2019,1.059
Globe,C1SOTHF00,2020,1.059
Globe,C1SOTHF00,2021,1.059
Globe,C1SOTHF00,2022,1.059
Globe,C1SOTHF00,2023,1.059
Globe,C1SOTHF00,2024,1.059
Globe,C1SOTHF00,2025,1.059
Globe,C1SOTHF00,2026,1.059
Globe,C1SOTHF00,2027,1.059
Globe,C1SOTHF00,2028,1.059
Globe,C1SOTHF00,2029,1.059
Globe,C1SOTHF00,2030,1.059
Globe,C1SOTHF00,2031,1.059
Globe,C1SOTHF00,2032,1.059
Globe,C1SOTHF00,2033,1.059
Globe,C1SOTHF00,2034,1.059
Globe,C1SOTHF00,2035,1.059
Globe,C1SOTHF00,2036,1.059
Globe,C1SOTHF00,2037,1.059
Globe,C1SOTHF00,2038,1.059
Globe,C1SOTHF00,2039,1.059
Globe,C1SOTHF00,2040,1.059
Globe,C1SOTHF00,2041,1.059
Globe,C1SOTHF00,2042,1.059
Globe,C1SOTHF00,2043,1.059
Globe,C1SOTHF00,2044,1.059
Globe,C1SOTHF00,2045,1.059
Globe,C1SOTHF00,2046,1.059
Globe,C1SOTHF00,2047,1.059
Globe,C1SOTHF00,2048,1.059
Globe,C1SOTHF00,2049,1.059
Globe,C1SOTHF00,2050,1.059
Globe,C1SOTHF00,2051,1.059
Globe,C1SOTHF00,2052,1.059
Globe,C1SOTHF00,2053,1.059
Globe,C1SOTHF00,2054,1.059
Globe,C1SOTHF00,2055,1.059
Globe,C1SOTHF00,2056,1.059
Globe,C1SOTHF00,2057,1.059
Globe,C1SOTHF00,2058,1.059
Globe,C1SOTHF00,2059,1.059
Globe,C1SOTHF00,2060,1.059
Globe,C1SOV1P00,2035,14.415948561993595
Globe,C1SOV1P00,2044,215.25
Globe,C1SOV1P00,2045,162.89308139190402
Globe,C1SOV1P00,2046,130.0916216894324
Globe,C1SOV1P00,2047,97.07476010442049
Globe,C1SOV1P00,2048,2.865083488705752
Globe,C1SOV1P00,2060,195.0
Globe,C1SOV2P00,2031,107.24064749999981
Globe,C1SOV2P00,2032,117.684
Globe,C1SOV2P00,2033,116.046
Globe,C1SOV2P00,2034,114.408
Globe,C1SOV2P00,2035,112.77
Globe,C1SOV2P00,2036,111.132
Globe,C1SOV2P00,2037,109.494
Globe,C1SOV2P00,2038,74.4206400000001
Globe,C1SOV2P00,2039,63.06693750000012
Globe,C1SOV2P00,2040,104.58
Globe,C1SOV2P00,2041,94.57796250000011
Globe,C1SOV2P00,2042,101.304
Globe,C1SOV2P00,2043,99.66600000000001
Globe,C1SOV2P00,2044,98.02799999999999
Globe,C1SOV2P00,2045,96.39
Globe,C1SOV2P00,2046,94.75200000000001
Globe,C1SOV2P00,2047,93.114
Globe,C1SOV2P00,2048,91.476
Globe,C1SOV2P00,2049,89.838
Globe,C1SOV2P00,2050,88.2
Globe,C1SOV2P00,2052,8.424577812874567
Globe,C1SOV2P00,2053,80.2070244250741
Globe,C1SOV2P00,2054,70.36980026220546
Globe,C1SOV2P00,2055,46.412383333623396
Globe,C1SOV2P00,2056,88.2
Globe,C1SOV2P00,2057,88.2
Globe,C1SOV2P00,2058,88.2
Globe,C1SOV2P00,2059,88.2
Globe,C1SOV2P00,2060,88.2
Globe,C1WDOFP00,2027,66.74156170336116
Globe,C1WDOFP00,2028,166.9626
Globe,C1WDOFP00,2029,163.85354999999998
Globe,C1WDOFP00,2030,160.7445
Globe,C1WDOFP00,2031,159.8184
Globe,C1WDOFP00,2032,158.89229999999998
Globe,C1WDOFP00,2033,157.9662
Globe,C1WDOFP00,2034,157.0401
Globe,C1WDOFP00,2035,156.114
Globe,C1WDOFP00,2036,155.1879
Globe,C1WDOFP00,2037,154.2618
Globe,C1WDOFP00,2038,153.33569999999997
Globe,C1WDOFP00,2039,152.40959999999998
Globe,C1WDOFP00,2040,151.4835
Globe,C1WDOFP00,2041,150.5574
Globe,C1WDOFP00,2042,149.63129999999998
Globe,C1WDOFP00,2043,148.7052
Globe,C1WDOFP00,2044,147.7791
Globe,C1WDOFP00,2045,146.853
Globe,C1WDOFP00,2046,145.9269
Globe,C1WDOFP00,2047,145.0008
Globe,C1WDOFP00,2048,144.07469999999998
Globe,C1WDOFP00,2049,143.1486
Globe,C1WDOFP00,2050,142.2225
Globe,C1WDOFP00,2054,37.78616324663626
Globe,C1WDOFP00,2055,73.86655324535687
Globe,C1WDOFP00,2056,126.09032154443861
Globe,C1WDOFP00,2057,142.2225
Globe,C1WDOFP00,2058,142.2225
Globe,C1WDOFP00,2059,142.2225
Globe,C1WDOFP00,2060,142.2225
Globe,C1WDONP00,2019,136.08
Globe,C1WDONP00,2020,134.4
Globe,C1WDONP00,2021,133.98
Globe,C1WDONP00,2022,133.56
Globe,C1WDONP00,2023,133.14000000000001
Globe,C1WDONP00,2024,132.72
Globe,C1WDONP00,2025,132.3
Globe,C1WDONP00,2026,131.88
Globe,C1WDONP00,2027,131.46
Globe,C1WDONP00,2028,131.04
Globe,C1WDONP00,2029,130.62
Globe,C1WDONP00,2030,130.2
Globe,C1WDONP00,2031,129.99
Globe,C1WDONP00,2032,129.78
Globe,C1WDONP00,2033,129.57
Globe,C1WDONP00,2034,129.36
Globe,C1WDONP00,2035,129.15
Globe,C1WDONP00,2036,128.94
Globe,C1WDONP00,2037,128.73
Globe,C1WDONP00,2038,128.52
Globe,C1WDONP00,2039,128.31
Globe,C1WDONP00,2040,128.1
Globe,C1WDONP00,2041,127.89
Globe,C1WDONP00,2042,127.68
Globe,C1WDONP00,2043,127.47
Globe,C1WDONP00,2044,127.26
Globe,C1WDONP00,2045,127.05
Globe,C1WDONP00,2046,126.84
Globe,C1WDONP00,2047,126.63000000000001
Globe,C1WDONP00,2048,126.42
Globe,C1WDONP00,2049,126.21000000000001
Globe,C1WDONP00,2050,126.0
Globe,C1WDONP00,2051,126.0
Globe,C1WDONP00,2052,126.0
Globe,C1WDONP00,2053,126.0
Globe,C1WDONP00,2054,126.0
Globe,C1WDONP00,2055,126.0
Globe,C1WDONP00,2056,126.0
Globe,C1WDONP00,2057,126.0
Globe,C1WDONP00,2058,126.0
Globe,C1WDONP00,2059,126.0
Globe,C1WDONP00,2060,126.0
Globe,CEMPLANT,2010,0.01559063999961323
Globe,CEMPLANT,2011,159.02852706096812
Globe,CEMPLANT,2012,158.90955186829015
Globe,CEMPLANT,2013,158.75547680700305
Globe,CEMPLANT,2014,158.67472930742963
Globe,CEMPLANT,2015,158.55880822899556
Globe,CEMPLANT,2016,158.44759702436048
Globe,CEMPLANT,2017,158.33559860961597
Globe,CEMPLANT,2018,158.19401868675942
Globe,CEMPLANT,2019,158.11970232196526
Globe,CEMPLANT,2020,158.0158412911105
Globe,CEMPLANT,2021,157.91080401854242
Globe,CEMPLANT,2022,157.81032026320824
Globe,CEMPLANT,2023,157.67441449674158
Globe,CEMPLANT,2024,157.61135444417462
Globe,CEMPLANT,2025,157.51282037538488
Globe,CEMPLANT,2026,157.41854277069046
Globe,CEMPLANT,2027,157.32459583240163
Globe,CEMPLANT,2028,157.19639799126074
Globe,CEMPLANT,2029,157.13943867129043
Globe,CEMPLANT,2030,157.05110134166435
Globe,CEMPLANT,2031,156.96273957638385
Globe,CEMPLANT,2032,156.87434172815685
Globe,CEMPLANT,2033,156.75448097637545
Globe,CEMPLANT,2034,156.70568389554398
Globe,CEMPLANT,2035,156.63667230459123
Globe,CEMPLANT,2036,167.11627702506325
Globe,CEMPLANT,2037,166.91530036118306
Globe,CEMPLANT,2038,166.6831691024248
Globe,CEMPLANT,2039,166.5228041377131
Globe,CEMPLANT,2040,166.33114780200248
Globe,CEMPLANT,2041,166.14261064705894
Globe,CEMPLANT,2042,165.9571077905757
Globe,CEMPLANT,2043,165.74040539174186
Globe,CEMPLANT,2044,165.5947296001677
Globe,CEMPLANT,2045,165.41786572321004
Globe,CEMPLANT,2046,165.24341904460823
Globe,CEMPLANT,2047,165.0720859958913
Globe,CEMPLANT,2048,164.86886950598762
Globe,CEMPLANT,2049,164.73680993921687
Globe,CEMPLANT,2050,164.5728763202611
Globe,CEMPLANT,2051,157.41854277069046
Globe,CEMPLANT,2052,157.32459583240163
Globe,CEMPLANT,2053,157.19639799126074
Globe,CEMPLANT,2054,157.13943867129026
Globe,CEMPLANT,2055,157.0511013416645
Globe,CEMPLANT,2056,156.9627395763834
Globe,CEMPLANT,2057,156.8743417281568
Globe,CEMPLANT,2058,156.75448097637545
Globe,CEMPLANT,2059,156.70568389554398
Globe,CEMPLANT,2060,156.63667230459166
Globe,FERTPLANT,2040,0.00041760281498281365
Globe,FERTPLANT,2053,9.558911792980593e-05
Globe,FERTPLANT,2054,9.161335252974549e-05
Globe,FERTPLANT,2055,5.711119932155063e-05
Globe,FERTPLANT,2056,6.667464575820241e-06
Globe,FERTPLANT,2057,3.9841752924574965e-06
Globe,PAPPLANT,2010,27.63813812738778
Globe,PAPPLANT,2011,17.170094482384314
Globe,PAPPLANT,2012,17.149391427846396
Globe,PAPPLANT,2013,17.132934668200363
Globe,PAPPLANT,2014,17.10798316284068
Globe,PAPPLANT,2015,17.087262498374113
Globe,PAPPLANT,2016,17.067870227676462
Globe,PAPPLANT,2017,17.052696905923547
Globe,PAPPLANT,2018,17.028999971572745
Globe,PAPPLANT,2019,17.00950846642946
Globe,PAPPLANT,2020,16.996320785163597
Globe,PAPPLANT,2021,16.972328353822274
Globe,PAPPLANT,2022,16.954785283917538
Globe,PAPPLANT,2023,16.936425652830863
Globe,PAPPLANT,2024,16.919346873394005
Globe,PAPPLANT,2025,16.90644286202918
Globe,PAPPLANT,2026,16.88496281944305
Globe,PAPPLANT,2027,16.867647246071396
Globe,PAPPLANT,2028,16.851590965468176
Globe,PAPPLANT,2029,16.83969181427678
Globe,PAPPLANT,2030,44.45733082149027
Globe,PAPPLANT,2031,18.787936227731276
Globe,PAPPLANT,2032,18.752121213503447
Globe,PAPPLANT,2033,18.720198656068554
Globe,PAPPLANT,2034,18.679646284498386
Globe,PAPPLANT,2035,18.643971457132306
Globe,PAPPLANT,2036,18.610340673667736
Globe,PAPPLANT,2037,18.58005795655544
Globe,PAPPLANT,2038,18.542607552432354
Globe,PAPPLANT,2039,18.508484987232187
Globe,PAPPLANT,2040,18.481867867028605
Globe,PAPPLANT,2041,18.443564205196594
Globe,PAPPLANT,2042,18.413045414122383
Globe,PAPPLANT,2043,18.380822506382998
Globe,PAPPLANT,2044,18.350994606844928
Globe,PAPPLANT,2045,18.324661078907933
Globe,PAPPLANT,2046,18.29085702205351
Globe,PAPPLANT,2047,18.260391754138006
Globe,PAPPLANT,2048,18.232353643802245
Globe,PAPPLANT,2049,18.207574143981127
Globe,PAPPLANT,2050,45.8136302471645
Globe,PAPPLANT,2051,18.787936227731276
Globe,PAPPLANT,2052,18.752121213503425
Globe,PAPPLANT,2053,18.720198656068575
Globe,PAPPLANT,2054,18.679646284498386
Globe,PAPPLANT,2055,18.643971457132306
Globe,PAPPLANT,2056,18.61034067366778
Globe,PAPPLANT,2057,18.580057956555464
Globe,PAPPLANT,2058,18.542607552432262
Globe,PAPPLANT,2059,18.508484987232187
Globe,PAPPLANT,2060,18.481867867028605
Globe,PETAPLANT,2040,0.00017327357174403966
Globe,PETAPLANT,2053,2.762188164600888e-05
Globe,PETAPLANT,2054,3.801340025903508e-05
Globe,PETAPLANT,2055,2.3697319431452355e-05
Globe,PETAPLANT,2056,2.766550864420113e-06
Globe,PETAPLANT,2057,1.6531656784983344e-06
Globe,STEPLANT,2010,76.01699105195208
Globe,STEPLANT,2011,48.460053725671415
Globe,STEPLANT,2012,26.304699732230134
Globe,STEPLANT,2013,27.644060112508605
Globe,STEPLANT,2014,35.334862841823956
Globe,STEPLANT,2015,31.15943321813367
Globe,STEPLANT,2016,42.32676029974434
Globe,STEPLANT,2017,47.91447529801458
Globe,STEPLANT,2018,79.26211657472814
Globe,STEPLANT,2019,87.90574780429131
Globe,STEPLANT,2020,58.2914950604286
Globe,STEPLANT,2021,48.460053725671074
Globe,STEPLANT,2022,48.460053725671415
Globe,STEPLANT,2023,48.46001979653193
Globe,STEPLANT,2024,48.46005372567147
Globe,STEPLANT,2025,48.463255065671405
Globe,STEPLANT,2026,48.46005372567153
Globe,STEPLANT,2027,48.4600537256713
Globe,STEPLANT,2028,48.46005372567158
Globe,STEPLANT,2029,48.4600537256713
Globe,STEPLANT,2030,124.47704477762373
Globe,STEPLANT,2031,55.001727562203
Globe,STEPLANT,2032,32.84640749790148
Globe,STEPLANT,2033,34.18576787818032
Globe,STEPLANT,2034,41.87657060749502
Globe,STEPLANT,2035,37.701140983805175
Globe,STEPLANT,2036,48.868468065415854
Globe,STEPLANT,2037,54.45618306368589
Globe,STEPLANT,2038,85.80382434039964
Globe,STEPLANT,2039,94.44742164082324
Globe,STEPLANT,2040,64.83320282610002
Globe,STEPLANT,2041,55.00176149134271
Globe,STEPLANT,2042,55.00176149134271
Globe,STEPLANT,2043,55.00172756220317
Globe,STEPLANT,2044,55.00176149134295
Globe,STEPLANT,2045,55.004962831342816
Globe,STEPLANT,2046,55.00176149134295
Globe,STEPLANT,2047,55.00172756220328
Globe,STEPLANT,2048,55.00176149134295
Globe,STEPLANT,2049,55.00176149134271
Globe,STEPLANT,2050,131.01875254329516
Globe,STEPLANT,2051,55.001727562202944
Globe,STEPLANT,2052,32.84640749790148
Globe,STEPLANT,2053,34.18576787818032
Globe,STEPLANT,2054,41.876570607495076
Globe,STEPLANT,2055,37.701140983805175
Globe,STEPLANT,2056,48.868468065415854
Globe,STEPLANT,2057,54.456183063685664
Globe,STEPLANT,2058,85.80382434039988
Globe,STEPLANT,2059,94.44742164082324
Globe,STEPLANT,2060,64.83320282610002
Globe,XALUMINE,2010,36.281492882811946
Globe,XALUMINE,2011,36.39302665431601
Globe,XALUMINE,2012,35.95543339057188
Globe,XALUMINE,2013,37.308051491448694
Globe,XALUMINE,2014,38.66215138101673
Globe,XALUMINE,2015,40.018068633747255
Globe,XALUMINE,2016,41.375640576111934
Globe,XALUMINE,2017,42.73460893355811
Globe,XALUMINE,2018,44.09526186207924
Globe,XALUMINE,2019,45.45727306833073
Globe,XALUMINE,2020,49.16618197011843
Globe,XALUMINE,2021,52.57040722604944
Globe,XALUMINE,2022,54.06101968637078
Globe,XALUMINE,2023,55.553362842854206
Globe,XALUMINE,2024,57.046996110898014
Globe,XALUMINE,2025,58.5423064567092
Globe,XALUMINE,2026,60.03899251640905
Globe,XALUMINE,2027,61.5368652627953
Globe,XALUMINE,2028,63.03629737359529
Globe,XALUMINE,2029,64.53685156236598
Globe,XALUMINE,2030,66.03891898042659
Globe,XALUMINE,2031,66.34731183489559
Globe,XALUMINE,2032,65.82669317590651
Globe,XALUMINE,2033,64.66843583815029
Globe,XALUMINE,2034,66.04953050648541
Globe,XALUMINE,2035,73.56752800611837
Globe,XALUMINE,2036,75.07689763467614
Globe,XALUMINE,2037,76.58716086129209
Globe,XALUMINE,2038,78.09877780446101
Globe,XALUMINE,2039,79.61123783189755
Globe,XALUMINE,2040,79.6781708262843
Globe,XALUMINE,2041,77.54060467545231
Globe,XALUMINE,2042,78.92863872012595
Globe,XALUMINE,2043,78.52729489908438
Globe,XALUMINE,2044,82.48663434715516
Globe,XALUMINE,2045,0.0008870881461180162
Globe,XALUMINE,2046,0.0009022861608180151
Globe,XALUMINE,2047,0.0009174908041070687
Globe,XALUMINE,2048,0.0009327074429593902
Globe,XALUMINE,2049,0.0009479303084237501
Globe,XALUMINE,2050,0.0009631649094447401
Globe,XALUMINE,2051,0.0009631649094447401
Globe,XALUMINE,2052,0.0009631649094447401
Globe,XALUMINE,2053,0.0009631649094447401
Globe,XALUMINE,2054,0.0009631649094447401
Globe,XALUMINE,2055,0.0009631649094447401
Globe,XALUMINE,2056,0.0009631649094447401
Globe,XALUMINE,2057,0.0009631649094447401
Globe,XALUMINE,2058,0.0009631649094447401
Globe,XALUMINE,2059,0.0009631649094447401
Globe,XALUMINE,2060,0.0009631649094447401
